experiment_accession	annotation_accession	assay_term_name	experiment_peturbed	experiment_biosample_term_name	assembly	organism	biosample_simple_summary	biosample_classification	biosample_term_id
ENCSR969QKG	ENCSR000SWL	DNase-seq	FALSE	naive thymus-derived CD4-positive, alpha-beta T cell	GRCh38	Homo sapiens	male adult (48 years)	primary cell	CL:0000895
ENCSR653ISV	ENCSR001PBZ	DNase-seq	FALSE	activated CD8-positive, alpha-beta memory T cell	GRCh38	Homo sapiens	female adult (33 years) treated with anti-CD3 and anti-CD28 coated beads for 24 hours	primary cell	NTR:0000504
ENCSR624CTU	ENCSR001QFX	ATAC-seq	FALSE	HG03520	GRCh38	Homo sapiens		cell line	EFO:0010885
ENCSR820WLP	ENCSR001WKX	DNase-seq	FALSE	dedifferentiated amniotic fluid mesenchymal stem cell	GRCh38	Homo sapiens	male embryo (15 weeks)	primary cell	NTR:0005063
ENCSR385AMY	ENCSR003PKQ	DNase-seq	FALSE	hindlimb muscle	GRCh38	Homo sapiens	male embryo (120 days)	tissue	UBERON:0003663
ENCSR000EMT	ENCSR003WJE	DNase-seq	FALSE	GM12878	GRCh38	Homo sapiens		cell line	EFO:0002784
ENCSR226LVB	ENCSR003WRD	DNase-seq	FALSE	stimulated activated CD4-positive, alpha-beta T cell	GRCh38	Homo sapiens	male adult (42 years) treated with anti-CD3 and anti-CD28 coated beads for 48 hours, 100 ng/mL Interleukin-4 for 48 hours	primary cell	NTR:0000663
ENCSR559WMK	ENCSR004CWE	DNase-seq	FALSE	tongue	GRCh38	Homo sapiens	male embryo (72 days)	tissue	UBERON:0001723
ENCSR316UDN	ENCSR004IEV	DNase-seq	FALSE	CD8-positive, alpha-beta T cell	GRCh38	Homo sapiens	male adult (37 years)	primary cell	CL:0000625
ENCSR531UVE	ENCSR004INR	DNase-seq	FALSE	stimulated activated CD4-positive, alpha-beta T cell	GRCh38	Homo sapiens	male adult (42 years) treated with anti-CD3 and anti-CD28 coated beads for 1 hour, 100 ng/mL Interleukin-15 for 1 hour	primary cell	NTR:0000663
ENCSR329XFZ	ENCSR005GZQ	ATAC-seq	FALSE	dendritic cell	GRCh38	Homo sapiens	treated with 100 ng/mL lipopolysaccharide for 30 minutes	in vitro differentiated cells	CL:0000451
ENCSR426TPQ	ENCSR005MRB	DNase-seq	FALSE	psoas muscle	GRCh38	Homo sapiens	male child (3 years)	tissue	UBERON:0008450
ENCSR149XIL	ENCSR006CUK	DNase-seq	FALSE	HepG2	GRCh38	Homo sapiens		cell line	EFO:0001187
ENCSR000EPH	ENCSR006EOX	DNase-seq	FALSE	MCF-7	GRCh38	Homo sapiens		cell line	EFO:0001203
ENCSR552QUA	ENCSR006QRD	ATAC-seq	FALSE	posterior vena cava	GRCh38	Homo sapiens	female adult (47 years)	tissue	UBERON:0001072
ENCSR599JZA	ENCSR006UIC	DNase-seq	FALSE	posterior cingulate gyrus	GRCh38	Homo sapiens	female adult (86 years) with Alzheimer's disease	tissue	UBERON:0002740
ENCSR193LYA	ENCSR006WBH	DNase-seq	FALSE	muscle of back	GRCh38	Homo sapiens	female embryo (85 days)	tissue	UBERON:0002324
ENCSR096BPX	ENCSR008JSY	ATAC-seq	FALSE	esophagus squamous epithelium	GRCh38	Homo sapiens	female adult (51 years)	tissue	UBERON:0006920
ENCSR000EOH	ENCSR008KMQ	DNase-seq	FALSE	fibroblast of pulmonary artery	GRCh38	Homo sapiens		primary cell	CL:0002557
ENCSR508FVM	ENCSR009FPS	DNase-seq	FALSE	tibial nerve	GRCh38	Homo sapiens	male adult (54 years)	tissue	UBERON:0001323
ENCSR207TUX	ENCSR010APK	DNase-seq	FALSE	amniotic stem cell	GRCh38	Homo sapiens	male embryo (15 weeks)	primary cell	CL:0002639
ENCSR271QID	ENCSR010NWV	DNase-seq	FALSE	head of caudate nucleus	GRCh38	Homo sapiens	female adult (90 or above years) with mild cognitive impairment	tissue	UBERON:0002626
ENCSR899YEP	ENCSR012HQM	ATAC-seq	FALSE	heart left ventricle	GRCh38	Homo sapiens	male adult (61 years)	tissue	UBERON:0002084
ENCSR577QZP	ENCSR012UEW	DNase-seq	FALSE	posterior cingulate gyrus	GRCh38	Homo sapiens	female adult (90 or above years) with Alzheimer's disease	tissue	UBERON:0002740
ENCSR318WOD	ENCSR013BTY	DNase-seq	FALSE	lung	GRCh38	Homo sapiens	male embryo (103 days)	tissue	UBERON:0002048
ENCSR947VPG	ENCSR013SFC	DNase-seq	FALSE	right lung	GRCh38	Homo sapiens	male embryo (87 days)	tissue	UBERON:0002167
ENCSR534OJE	ENCSR014DCO	DNase-seq	FALSE	activated CD8-positive, alpha-beta memory T cell	GRCh38	Homo sapiens	male adult (38 years) treated with anti-CD3 and anti-CD28 coated beads for 4 hours	primary cell	NTR:0000504
ENCSR303PWB	ENCSR014REV	ATAC-seq	FALSE	esophagus mucosa	GRCh38	Homo sapiens	female adult (47 years)	tissue	UBERON:0002469
ENCSR305QTE	ENCSR015SXE	ATAC-seq	FALSE	natural killer cell	GRCh38	Homo sapiens	male adult (47 years)	primary cell	CL:0000623
ENCSR165FYY	ENCSR017RWH	ATAC-seq	FALSE	central memory CD8-positive, alpha-beta T cell	GRCh38	Homo sapiens	male adult (36 years)	primary cell	CL:0000907
ENCSR177NIJ	ENCSR018RBZ	DNase-seq	FALSE	stomach	GRCh38	Homo sapiens	male adult (37 years)	tissue	UBERON:0000945
ENCSR679IFH	ENCSR021IRM	DNase-seq	FALSE	spleen	GRCh38	Homo sapiens	embryo (112 days)	tissue	UBERON:0002106
ENCSR452COS	ENCSR021MKA	ATAC-seq	FALSE	naive thymus-derived CD4-positive, alpha-beta T cell	GRCh38	Homo sapiens	male adult (50 years)	primary cell	CL:0000895
ENCSR032NNU	ENCSR021QEF	DNase-seq	FALSE	left cardiac atrium	GRCh38	Homo sapiens	female adult (59 years)	tissue	UBERON:0002079
ENCSR713KNQ	ENCSR022DFT	DNase-seq	FALSE	aorta	GRCh38	Homo sapiens	female adult (41 years)	tissue	UBERON:0000947
ENCSR805RJA	ENCSR022HSN	DNase-seq	FALSE	dorsolateral prefrontal cortex	GRCh38	Homo sapiens	female adult (90 or above years) with Alzheimer's disease	tissue	UBERON:0009834
ENCSR134IUJ	ENCSR022LQT	DNase-seq	FALSE	head of caudate nucleus	GRCh38	Homo sapiens	female adult (90 or above years) with Alzheimer's disease	tissue	UBERON:0002626
ENCSR033DQS	ENCSR023VRN	DNase-seq	FALSE	muscle of leg	GRCh38	Homo sapiens	male embryo (97 days)	tissue	UBERON:0001383
ENCSR223KKX	ENCSR024GLL	DNase-seq	FALSE	activated T-cell	GRCh38	Homo sapiens	female adult (33 years) treated with anti-CD3 and anti-CD28 coated beads for 24 hours, 50 U/mL Interleukin-2 for 24 hours	primary cell	NTR:0000537
ENCSR937UWI	ENCSR024KJU	DNase-seq	FALSE	hematopoietic multipotent progenitor cell	GRCh38	Homo sapiens	male adult (25 years) treated with interleukin-3 for 15 days, kit ligand for 15 days, hydrocortisone succinate for 15 days, erythropoietin for 15 days	in vitro differentiated cells	CL:0000837
ENCSR111LTT	ENCSR025EMG	DNase-seq	FALSE	T-cell	GRCh38	Homo sapiens	male adult (55 years)	primary cell	CL:0000084
ENCSR236KPK	ENCSR025GTZ	DNase-seq	FALSE	pancreas	GRCh38	Homo sapiens	female adult (47 years)	tissue	UBERON:0001264
ENCSR636DIR	ENCSR025USQ	DNase-seq	FALSE	activated T-helper 1 cell	GRCh38	Homo sapiens	male adult (35 years) treated with anti-CD3 and anti-CD28 coated beads for 24 hours, 30 ng/mL Interleukin-12 subunit beta for 36 hours, 10 ng/mL Interleukin-2 for 14 days, anti-CD3 and anti-CD28 coated beads for 14 days, 1 μg/mL Interleukin-4 antibody for 36 hours, 30 ng/mL Interleukin-12 subunit alpha for 36 hours	primary cell	NTR:0000633
ENCSR037PIU	ENCSR025VNG	DNase-seq	FALSE	posterior cingulate gyrus	GRCh38	Homo sapiens	male adult (80 years) with Cognitive impairment, Alzheimer's disease	tissue	UBERON:0002740
ENCSR940CXU	ENCSR025YKH	DNase-seq	FALSE	endodermal cell	GRCh38	Homo sapiens	male embryo	in vitro differentiated cells	CL:0000223
ENCSR222SCA	ENCSR026FFL	ATAC-seq	FALSE	dendritic cell	GRCh38	Homo sapiens	treated with 100 ng/mL lipopolysaccharide for 4 hours	in vitro differentiated cells	CL:0000451
ENCSR656KLT	ENCSR027FLL	DNase-seq	FALSE	placenta	GRCh38	Homo sapiens	female embryo	tissue	UBERON:0001987
ENCSR543WNA	ENCSR029KQP	DNase-seq	FALSE	stimulated activated CD4-positive, alpha-beta T cell	GRCh38	Homo sapiens	male adult (38 years) treated with anti-CD3 and anti-CD28 coated beads for 4 hours, 100 ng/mL TNF-alpha for 4 hours	primary cell	NTR:0000663
ENCSR650TZF	ENCSR030ERX	DNase-seq	FALSE	head of caudate nucleus	GRCh38	Homo sapiens	female adult (90 or above years) with Alzheimer's disease	tissue	UBERON:0002626
ENCSR284VNJ	ENCSR030RSO	DNase-seq	FALSE	stimulated activated CD8-positive, alpha-beta memory T cell	GRCh38	Homo sapiens	male adult (38 years) treated with anti-CD3 and anti-CD28 coated beads for 24 hours, 100 ng/mL Interleukin-15 for 24 hours	primary cell	NTR:0000669
ENCSR932KWJ	ENCSR030TAD	DNase-seq	FALSE	A172	GRCh38	Homo sapiens		cell line	EFO:0002101
ENCSR396EWH	ENCSR031MEP	DNase-seq	FALSE	activated naive CD4-positive, alpha-beta T cell	GRCh38	Homo sapiens	male adult (43 years) treated with 10 ng/mL Interleukin-2 for 5 days, anti-CD3 and anti-CD28 coated beads for 7 days	primary cell	NTR:0000497
ENCSR486FMF	ENCSR033ALM	DNase-seq	FALSE	stimulated activated CD4-positive, alpha-beta T cell	GRCh38	Homo sapiens	female adult (33 years) treated with anti-CD3 and anti-CD28 coated beads for 24 hours, 100 ng/mL Interleukin-4 for 24 hours	primary cell	NTR:0000663
ENCSR821JHD	ENCSR033SUK	ATAC-seq	FALSE	HG02623	GRCh38	Homo sapiens		cell line	EFO:0010844
ENCSR785JXR	ENCSR034ERV	DNase-seq	FALSE	lower lobe of right lung	GRCh38	Homo sapiens	male adult (60 years)	tissue	UBERON:0002171
ENCSR632ONQ	ENCSR034LAG	DNase-seq	FALSE	lower lobe of left lung	GRCh38	Homo sapiens	female adult (59 years)	tissue	UBERON:0008953
ENCSR548SSP	ENCSR034VPK	ATAC-seq	FALSE	mucosa of urinary bladder	GRCh38	Homo sapiens	female adult (47 years)	tissue	UBERON:0001259
ENCSR017TFH	ENCSR034ZHI	DNase-seq	FALSE	right kidney	GRCh38	Homo sapiens	female embryo (87 days)	tissue	UBERON:0004539
ENCSR000EME	ENCSR035HVD	DNase-seq	FALSE	BJ	GRCh38	Homo sapiens		cell line	EFO:0002779
ENCSR002IHL	ENCSR035ROF	DNase-seq	FALSE	head of caudate nucleus	GRCh38	Homo sapiens	male adult (83 years)	tissue	UBERON:0002626
ENCSR283LPH	ENCSR035TEW	ATAC-seq	FALSE	naive thymus-derived CD8-positive, alpha-beta T cell	GRCh38	Homo sapiens	male adult (30 years) nuclear fraction	primary cell	CL:0000900
ENCSR098PTC	ENCSR036PUG	DNase-seq	FALSE	hematopoietic multipotent progenitor cell	GRCh38	Homo sapiens	male adult (25 years)	in vitro differentiated cells	CL:0000837
ENCSR335LOQ	ENCSR036QSP	DNase-seq	FALSE	stimulated activated CD8-positive, alpha-beta memory T cell	GRCh38	Homo sapiens	male adult (38 years) treated with anti-CD3 and anti-CD28 coated beads for 48 hours, 100 ng/mL Interleukin-7 for 48 hours	primary cell	NTR:0000669
ENCSR520BAD	ENCSR037PCU	DNase-seq	FALSE	gastrocnemius medialis	GRCh38	Homo sapiens	male adult (54 years)	tissue	UBERON:0011907
ENCSR174GXG	ENCSR037WSC	DNase-seq	FALSE	muscle of back	GRCh38	Homo sapiens	male embryo (101 days)	tissue	UBERON:0002324
ENCSR440FZS	ENCSR038BQY	DNase-seq	FALSE	muscle of trunk	GRCh38	Homo sapiens	female embryo (113 days)	tissue	UBERON:0001774
ENCSR000ENM	ENCSR038BXQ	DNase-seq	FALSE	HCT116	GRCh38	Homo sapiens		cell line	EFO:0002824
ENCSR044ATC	ENCSR038PBG	ATAC-seq	FALSE	natural killer cell	GRCh38	Homo sapiens	female adult (41 years)	primary cell	CL:0000623
ENCSR563HBG	ENCSR038VEO	DNase-seq	FALSE	head of caudate nucleus	GRCh38	Homo sapiens	female adult (90 or above years)	tissue	UBERON:0002626
ENCSR422IIZ	ENCSR041YVR	DNase-seq	FALSE	ascending aorta	GRCh38	Homo sapiens	female adult (51 years)	tissue	UBERON:0001496
ENCSR953JVX	ENCSR041ZFF	DNase-seq	FALSE	kidney	GRCh38	Homo sapiens	female embryo (105 days)	tissue	UBERON:0002113
ENCSR724QTW	ENCSR042CPO	DNase-seq	FALSE	stimulated activated CD4-positive, alpha-beta T cell	GRCh38	Homo sapiens	male adult (42 years) treated with anti-CD3 and anti-CD28 coated beads for 4 hours, 100 ng/mL Interleukin-12 subunit alpha for 4 hours, 100 ng/mL Interleukin-12 subunit beta for 4 hours	primary cell	NTR:0000663
ENCSR541IET	ENCSR042WJQ	DNase-seq	FALSE	endothelial cell	GRCh38	Homo sapiens	male adult (53 years)	in vitro differentiated cells	CL:0000115
ENCSR809CEA	ENCSR043HVG	DNase-seq	FALSE	H4	GRCh38	Homo sapiens		cell line	EFO:0002184
ENCSR765MXG	ENCSR044DSU	ATAC-seq	FALSE	body of pancreas	GRCh38	Homo sapiens	male adult (54 years)	tissue	UBERON:0001150
ENCSR442GKD	ENCSR046WWS	DNase-seq	FALSE	T-cell	GRCh38	Homo sapiens	male adult (34 years)	primary cell	CL:0000084
ENCSR946DXB	ENCSR047GHL	DNase-seq	FALSE	heart left ventricle	GRCh38	Homo sapiens	female embryo (101 days) female embryo (103 days)	tissue	UBERON:0002084
ENCSR275ICP	ENCSR048BTS	DNase-seq	FALSE	H9	GRCh38	Homo sapiens		cell line	EFO:0003045
ENCSR686WJL	ENCSR048SMK	DNase-seq	FALSE	gastrocnemius medialis	GRCh38	Homo sapiens	female adult (53 years)	tissue	UBERON:0011907
ENCSR994KTY	ENCSR049DXG	DNase-seq	FALSE	colonic mucosa	GRCh38	Homo sapiens	female adult (41 years)	tissue	UBERON:0000317
ENCSR859USB	ENCSR049OFB	ATAC-seq	FALSE	K562	GRCh38	Homo sapiens		cell line	EFO:0002067
ENCSR000EMP	ENCSR050OKX	DNase-seq	FALSE	GM04504	GRCh38	Homo sapiens		cell line	CLO:0018812
ENCSR424KQH	ENCSR050VGU	ATAC-seq	FALSE	GM21447	GRCh38	Homo sapiens		cell line	CLO:0014163
ENCSR174MLD	ENCSR052YOP	ATAC-seq	FALSE	bile duct	GRCh38	Homo sapiens	female adult (41 years)	tissue	UBERON:0002394
ENCSR000EPS	ENCSR054YHV	DNase-seq	FALSE	NT2/D1	GRCh38	Homo sapiens		cell line	EFO:0005236
ENCSR083STA	ENCSR054YZQ	DNase-seq	FALSE	MG63	GRCh38	Homo sapiens		cell line	EFO:0002234
ENCSR890DWH	ENCSR056ZAE	ATAC-seq	FALSE	psoas muscle	GRCh38	Homo sapiens	female adult (41 years)	tissue	UBERON:0008450
ENCSR770OTB	ENCSR057XMV	DNase-seq	FALSE	left ventricle myocardium inferior	GRCh38	Homo sapiens	male adult (60 years)	tissue	NTR:0000493
ENCSR952SPO	ENCSR059XGM	ATAC-seq	FALSE	right lobe of liver	GRCh38	Homo sapiens	female child (16 years)	tissue	UBERON:0001114
ENCSR800QGE	ENCSR060FTQ	DNase-seq	FALSE	large intestine	GRCh38	Homo sapiens	female embryo (103 days)	tissue	UBERON:0000059
ENCSR492FJO	ENCSR060QUG	ATAC-seq	FALSE	GM18867	GRCh38	Homo sapiens		cell line	CLO:0026250
ENCSR835WBW	ENCSR061TSC	ATAC-seq	FALSE	HG03565	GRCh38	Homo sapiens		cell line	EFO:0010888
ENCSR818HHN	ENCSR062CWJ	DNase-seq	FALSE	osteocyte	GRCh38	Homo sapiens	female embryo (5 days)	in vitro differentiated cells	CL:0000137
ENCSR998IXQ	ENCSR063NRC	DNase-seq	FALSE	stimulated activated CD4-positive, alpha-beta T cell	GRCh38	Homo sapiens	male adult (38 years) treated with anti-CD3 and anti-CD28 coated beads for 1 hour, 100 ng/mL Interleukin-15 for 1 hour	primary cell	NTR:0000663
ENCSR916MHX	ENCSR064HTM	DNase-seq	FALSE	head of caudate nucleus	GRCh38	Homo sapiens	male adult (78 years)	tissue	UBERON:0002626
ENCSR365NDK	ENCSR064VAE	DNase-seq	FALSE	ovary	GRCh38	Homo sapiens	female adult (51 years)	tissue	UBERON:0000992
ENCSR496UER	ENCSR064YIE	DNase-seq	FALSE	T-cell	GRCh38	Homo sapiens	male adult (33 years)	primary cell	CL:0000084
ENCSR270JQK	ENCSR065RIH	DNase-seq	FALSE	T-cell	GRCh38	Homo sapiens	female adult (40 years)	primary cell	CL:0000084
ENCSR374VQC	ENCSR067AYU	DNase-seq	FALSE	right cardiac atrium	GRCh38	Homo sapiens	female adult (46 years)	tissue	UBERON:0002078
ENCSR095QNB	ENCSR067KBX	ATAC-seq	FALSE	GM12878	GRCh38	Homo sapiens		cell line	EFO:0002784
ENCSR323PWV	ENCSR067RGY	DNase-seq	FALSE	stimulated activated CD4-positive, alpha-beta T cell	GRCh38	Homo sapiens	male adult (42 years) treated with anti-CD3 and anti-CD28 coated beads for 48 hours, 100 ng/mL Interleukin-23 for 48 hours, 100 ng/mL Interleukin-1b for 48 hours	primary cell	NTR:0000663
ENCSR754LIN	ENCSR071OAC	DNase-seq	FALSE	H9	GRCh38	Homo sapiens	stably expressing C-terminal DsRed-tagged CDT1, stably expressing N-terminal eGFP-tagged GMNN G1 phase	cell line	EFO:0003045
ENCSR310RJN	ENCSR071VIV	ATAC-seq	FALSE	heart left ventricle	GRCh38	Homo sapiens	male adult (43 years)	tissue	UBERON:0002084
ENCSR503UNA	ENCSR071WOZ	DNase-seq	FALSE	nephron progenitor cell	GRCh38	Homo sapiens	female embryo (5 days)	in vitro differentiated cells	NTR:0000512
ENCSR141NSQ	ENCSR071YMB	DNase-seq	FALSE	muscle of back	GRCh38	Homo sapiens	male embryo (104 days)	tissue	UBERON:0002324
ENCSR340XQX	ENCSR073RCM	DNase-seq	FALSE	dorsolateral prefrontal cortex	GRCh38	Homo sapiens	female adult (90 or above years) with Alzheimer's disease	tissue	UBERON:0009834
ENCSR487QSB	ENCSR074UXK	ATAC-seq	FALSE	GM18907	GRCh38	Homo sapiens		cell line	CLO:0026238
ENCSR332BSB	ENCSR074ZCZ	DNase-seq	FALSE	right kidney	GRCh38	Homo sapiens	male embryo (87 days)	tissue	UBERON:0004539
ENCSR242RPQ	ENCSR075BMD	DNase-seq	FALSE	pancreas	GRCh38	Homo sapiens	female child (16 years)	tissue	UBERON:0001264
ENCSR960EVM	ENCSR076QUY	DNase-seq	FALSE	stimulated activated CD8-positive, alpha-beta memory T cell	GRCh38	Homo sapiens	female adult (33 years) treated with anti-CD3 and anti-CD28 coated beads for 48 hours, 100 ng/mL Interleukin-4 for 48 hours	primary cell	NTR:0000669
ENCSR685ZMP	ENCSR078CVS	ATAC-seq	FALSE	right lobe of liver	GRCh38	Homo sapiens	female adult (41 years)	tissue	UBERON:0001114
ENCSR616AEG	ENCSR078CWH	DNase-seq	FALSE	stimulated activated CD4-positive, alpha-beta T cell	GRCh38	Homo sapiens	female adult (33 years) treated with anti-CD3 and anti-CD28 coated beads for 48 hours, 100 ng/mL Interleukin-12 subunit alpha for 48 hours, 100 ng/mL Interleukin-12 subunit beta for 48 hours	primary cell	NTR:0000663
ENCSR398JUP	ENCSR078RRP	DNase-seq	FALSE	ureter	GRCh38	Homo sapiens	female adult (47 years)	tissue	UBERON:0000056
ENCSR884ODJ	ENCSR079GMY	DNase-seq	FALSE	stimulated activated CD4-positive, alpha-beta T cell	GRCh38	Homo sapiens	male adult (38 years) treated with anti-CD3 and anti-CD28 coated beads for 48 hours, 100 ng/mL Interleukin-12 subunit alpha for 48 hours, 100 ng/mL Interleukin-12 subunit beta for 48 hours	primary cell	NTR:0000663
ENCSR419UYY	ENCSR079ORC	ATAC-seq	FALSE	GM19025	GRCh38	Homo sapiens		cell line	EFO:0010836
ENCSR840TVG	ENCSR080IFT	DNase-seq	FALSE	CD8-positive, alpha-beta T cell	GRCh38	Homo sapiens	female adult (33 years)	primary cell	CL:0000625
ENCSR953WJO	ENCSR084DDJ	DNase-seq	FALSE	left lung	GRCh38	Homo sapiens	male embryo (105 days)	tissue	UBERON:0002168
ENCSR619BNL	ENCSR084NFS	DNase-seq	FALSE	muscle of arm	GRCh38	Homo sapiens	male embryo (97 days)	tissue	UBERON:0001499
ENCSR272RQX	ENCSR084ZVM	DNase-seq	FALSE	muscle of leg	GRCh38	Homo sapiens	female embryo (113 days)	tissue	UBERON:0001383
ENCSR017OZH	ENCSR085BHC	DNase-seq	FALSE	H9	GRCh38	Homo sapiens	stably expressing C-terminal DsRed-tagged CDT1, stably expressing N-terminal eGFP-tagged GMNN S1 phase	cell line	EFO:0003045
ENCSR000EMU	ENCSR085MTT	DNase-seq	FALSE	H1	GRCh38	Homo sapiens		cell line	EFO:0003042
ENCSR441OGH	ENCSR085UWX	DNase-seq	FALSE	left lung	GRCh38	Homo sapiens	male embryo (87 days)	tissue	UBERON:0002168
ENCSR511PFY	ENCSR085VMC	DNase-seq	FALSE	head of caudate nucleus	GRCh38	Homo sapiens	male adult (90 or above years) with Alzheimer's disease	tissue	UBERON:0002626
ENCSR267UFM	ENCSR086ALK	DNase-seq	FALSE	placenta	GRCh38	Homo sapiens	embryo	tissue	UBERON:0001987
ENCSR113MBR	ENCSR086JKR	ATAC-seq	FALSE	adrenal gland	GRCh38	Homo sapiens	male adult (54 years)	tissue	UBERON:0002369
ENCSR000FEK	ENCSR086YUE	DNase-seq	FALSE	SK-MEL-5	GRCh38	Homo sapiens		cell line	EFO:0005720
ENCSR090SMP	ENCSR088BTM	DNase-seq	FALSE	NCI-H929	GRCh38	Homo sapiens		cell line	EFO:0001221
ENCSR042WQA	ENCSR089ESP	DNase-seq	FALSE	CD4-positive, CD25-positive, alpha-beta regulatory T cell	GRCh38	Homo sapiens	male adult (56 years)	primary cell	CL:0000792
ENCSR947POC	ENCSR089PXQ	DNase-seq	FALSE	brain	GRCh38	Homo sapiens	male embryo (104 days)	tissue	UBERON:0000955
ENCSR305XRF	ENCSR090OOJ	ATAC-seq	FALSE	HG03175	GRCh38	Homo sapiens		cell line	EFO:0010873
ENCSR129BZE	ENCSR090OTQ	DNase-seq	FALSE	uterus	GRCh38	Homo sapiens	female adult (53 years)	tissue	UBERON:0000995
ENCSR121BSW	ENCSR090UGL	DNase-seq	FALSE	activated CD4-positive, alpha-beta T cell	GRCh38	Homo sapiens	female adult (33 years) treated with anti-CD3 and anti-CD28 coated beads for 4 hours	primary cell	CL:0000896
ENCSR473LSX	ENCSR092BCK	DNase-seq	FALSE	T-cell	GRCh38	Homo sapiens	male adult (38 years)	primary cell	CL:0000084
ENCSR141IUS	ENCSR092FZS	DNase-seq	FALSE	lung	GRCh38	Homo sapiens	female embryo (76 days)	tissue	UBERON:0002048
ENCSR404OEO	ENCSR092LQB	ATAC-seq	FALSE	HG02763	GRCh38	Homo sapiens		cell line	EFO:0010848
ENCSR120MOY	ENCSR092SQC	ATAC-seq	FALSE	sciatic nerve	GRCh38	Homo sapiens	male adult (26 years)	tissue	UBERON:0001322
ENCSR298OIK	ENCSR092YZN	DNase-seq	FALSE	heart right ventricle	GRCh38	Homo sapiens	male adult (43 years)	tissue	UBERON:0002080
ENCSR932DHT	ENCSR093WSI	DNase-seq	FALSE	renal cortex interstitium	GRCh38	Homo sapiens	female embryo (96 days)	tissue	UBERON:0005270
ENCSR788TRR	ENCSR095QNL	ATAC-seq	FALSE	omental fat pad	GRCh38	Homo sapiens	female adult (51 years)	tissue	UBERON:0010414
ENCSR324OTS	ENCSR095QWC	DNase-seq	FALSE	CD4-positive, alpha-beta T cell	GRCh38	Homo sapiens	female adult (39 years) treated with 100 ng/mL Interleukin-2 for 4 hours	primary cell	CL:0000624
ENCSR904LMG	ENCSR095YZQ	DNase-seq	FALSE	dorsolateral prefrontal cortex	GRCh38	Homo sapiens	male adult (87 years) with Cognitive impairment, Alzheimer's disease	tissue	UBERON:0009834
ENCSR768OLL	ENCSR096EYF	DNase-seq	FALSE	right kidney	GRCh38	Homo sapiens	male embryo (91 days)	tissue	UBERON:0004539
ENCSR434OBM	ENCSR097YNL	DNase-seq	FALSE	foreskin melanocyte	GRCh38	Homo sapiens	male newborn	primary cell	CL:2000045
ENCSR410DWV	ENCSR098BDH	ATAC-seq	FALSE	motor neuron	GRCh38	Homo sapiens	male child (6 years) with amyotrophic lateral sclerosis	in vitro differentiated cells	CL:0000100
ENCSR959ZXU	ENCSR098ONJ	DNase-seq	FALSE	HeLa-S3	GRCh38	Homo sapiens		cell line	EFO:0002791
ENCSR541PUY	ENCSR099KJG	DNase-seq	FALSE	T-cell	GRCh38	Homo sapiens	male adult (30 years)	primary cell	CL:0000084
ENCSR649PJN	ENCSR099UWX	DNase-seq	FALSE	muscle of arm	GRCh38	Homo sapiens	male embryo (97 days)	tissue	UBERON:0001499
ENCSR645GJD	ENCSR100KOK	DNase-seq	FALSE	kidney	GRCh38	Homo sapiens	female embryo (113 days)	tissue	UBERON:0002113
ENCSR550UWM	ENCSR100RQO	DNase-seq	FALSE	renal cortex interstitium	GRCh38	Homo sapiens	male embryo (97 days)	tissue	UBERON:0005270
ENCSR697FME	ENCSR101JBQ	DNase-seq	FALSE	CD4-positive, alpha-beta T cell	GRCh38	Homo sapiens	male adult (38 years)	primary cell	CL:0000624
ENCSR171APM	ENCSR102OSF	DNase-seq	FALSE	activated CD8-positive, alpha-beta memory T cell	GRCh38	Homo sapiens	female adult (33 years) treated with anti-CD3 and anti-CD28 coated beads for 48 hours	primary cell	NTR:0000504
ENCSR522FGG	ENCSR103JQC	DNase-seq	FALSE	stomach	GRCh38	Homo sapiens	male embryo (108 days)	tissue	UBERON:0000945
ENCSR265TEK	ENCSR104PLC	DNase-seq	FALSE	NCI-H226	GRCh38	Homo sapiens		cell line	EFO:0002285
ENCSR392GCE	ENCSR104QYD	DNase-seq	FALSE	heart	GRCh38	Homo sapiens	male embryo (120 days)	tissue	UBERON:0000948
ENCSR804RSI	ENCSR104ZZD	DNase-seq	FALSE	heart	GRCh38	Homo sapiens	embryo (80 days)	tissue	UBERON:0000948
ENCSR431UEM	ENCSR105NZG	DNase-seq	FALSE	left hindlimb	GRCh38	Homo sapiens	male embryo (81 days)	tissue	UBERON:8300004
ENCSR325LYJ	ENCSR105QNI	DNase-seq	FALSE	fibroblast of upper back skin	GRCh38	Homo sapiens	male embryo (97 days)	primary cell	CL:0011021
ENCSR840USW	ENCSR106QEG	DNase-seq	FALSE	stimulated activated CD4-positive, alpha-beta T cell	GRCh38	Homo sapiens	male adult (38 years) treated with anti-CD3 and anti-CD28 coated beads for 24 hours, 100 ng/mL Interleukin-4 for 24 hours	primary cell	NTR:0000663
ENCSR682PKY	ENCSR108MFV	DNase-seq	FALSE	thymus	GRCh38	Homo sapiens	female embryo	tissue	UBERON:0002370
ENCSR634WYX	ENCSR108WVW	ATAC-seq	FALSE	motor neuron	GRCh38	Homo sapiens	male adult (47 years) with amyotrophic lateral sclerosis	in vitro differentiated cells	CL:0000100
ENCSR373TLU	ENCSR111AGB	DNase-seq	FALSE	head of caudate nucleus	GRCh38	Homo sapiens	female adult (86 years) with Alzheimer's disease	tissue	UBERON:0002626
ENCSR545ADK	ENCSR111EIO	DNase-seq	FALSE	uterus	GRCh38	Homo sapiens	female adult (59 years)	tissue	UBERON:0000995
ENCSR366EQH	ENCSR113FPW	DNase-seq	FALSE	large intestine	GRCh38	Homo sapiens	male embryo (115 days)	tissue	UBERON:0000059
ENCSR595CSH	ENCSR113JAA	DNase-seq	FALSE	brain	GRCh38	Homo sapiens	male embryo (58 days) embryo (56 days)	tissue	UBERON:0000955
ENCSR000EMH	ENCSR113WKC	DNase-seq	FALSE	stromal cell of bone marrow	GRCh38	Homo sapiens	male	primary cell	CL:0010001
ENCSR913FZQ	ENCSR114CMC	ATAC-seq	FALSE	posterior vena cava	GRCh38	Homo sapiens	female child (16 years)	tissue	UBERON:0001072
ENCSR530XBF	ENCSR114HVO	ATAC-seq	FALSE	pancreas	GRCh38	Homo sapiens	female child (16 years)	tissue	UBERON:0001264
ENCSR842VTJ	ENCSR114IJD	DNase-seq	TRUE	CD8-positive, alpha-beta T cell	GRCh38	Homo sapiens	male adult (21 years) treated with 7.5 μg/kg G-CSF for 4 days	primary cell	CL:0000625
ENCSR154NOT	ENCSR114ZKF	DNase-seq	FALSE	activated CD4-positive, alpha-beta T cell	GRCh38	Homo sapiens	male adult (38 years) treated with anti-CD3 and anti-CD28 coated beads for 24 hours, 50 U/mL Interleukin-2 for 24 hours	primary cell	CL:0000896
ENCSR148VUP	ENCSR116YIV	DNase-seq	FALSE	hematopoietic multipotent progenitor cell	GRCh38	Homo sapiens	male adult (25 years) treated with interleukin-3 for 4 days, kit ligand for 4 days, hydrocortisone succinate for 4 days, erythropoietin for 4 days	in vitro differentiated cells	CL:0000837
ENCSR136KEL	ENCSR120AAX	DNase-seq	FALSE	kidney glomerular epithelial cell	GRCh38	Homo sapiens	male adult (62 years) male adult (43 years)	primary cell	CL:1000510
ENCSR266NDC	ENCSR120CBR	DNase-seq	FALSE	stimulated activated CD4-positive, alpha-beta T cell	GRCh38	Homo sapiens	female adult (33 years) treated with anti-CD3 and anti-CD28 coated beads for 1 hour, 100 ng/mL TNF-alpha for 1 hour	primary cell	NTR:0000663
ENCSR191EII	ENCSR120EUO	DNase-seq	FALSE	common myeloid progenitor, CD34-positive	GRCh38	Homo sapiens	female	primary cell	CL:0001059
ENCSR598RVJ	ENCSR120SCC	DNase-seq	FALSE	heart left ventricle	GRCh38	Homo sapiens	male adult (40 years)	tissue	UBERON:0002084
ENCSR490MSG	ENCSR121QXN	ATAC-seq	FALSE	ovary	GRCh38	Homo sapiens	female adult (53 years)	tissue	UBERON:0000992
ENCSR357WQH	ENCSR121WUP	ATAC-seq	FALSE	GM18508	GRCh38	Homo sapiens		cell line	CLO:0024919
ENCSR734VFU	ENCSR122CTA	DNase-seq	FALSE	stimulated activated CD4-positive, alpha-beta T cell	GRCh38	Homo sapiens	male adult (42 years) treated with anti-CD3 and anti-CD28 coated beads for 1 hour, 100 ng/mL Interleukin-23 for 1 hour, 100 ng/mL Interleukin-1b for 1 hour	primary cell	NTR:0000663
ENCSR268QCH	ENCSR122DAC	DNase-seq	FALSE	right renal cortex interstitium	GRCh38	Homo sapiens	male embryo (105 days)	tissue	UBERON:0018118
ENCSR617NTY	ENCSR122JYD	DNase-seq	FALSE	activated T-cell	GRCh38	Homo sapiens	male adult (38 years) treated with anti-CD3 and anti-CD28 coated beads for 1 hour	primary cell	NTR:0000537
ENCSR590EFT	ENCSR122RRZ	DNase-seq	FALSE	posterior cingulate gyrus	GRCh38	Homo sapiens	female adult (90 or above years)	tissue	UBERON:0002740
ENCSR924SDV	ENCSR124DAF	ATAC-seq	FALSE	GM18498	GRCh38	Homo sapiens		cell line	CLO:0024937
ENCSR731QLJ	ENCSR125NZI	DNase-seq	FALSE	mesenchymal stem cell	GRCh38	Homo sapiens	male embryo	in vitro differentiated cells	CL:0000134
ENCSR943KMD	ENCSR126JGP	DNase-seq	FALSE	T-helper 2 cell	GRCh38	Homo sapiens	male adult (38 years)	primary cell	CL:0000546
ENCSR130HIE	ENCSR126UPF	DNase-seq	FALSE	stimulated activated CD8-positive, alpha-beta memory T cell	GRCh38	Homo sapiens	male adult (38 years) treated with anti-CD3 and anti-CD28 coated beads for 24 hours, 100 ng/mL Interleukin-7 for 24 hours	primary cell	NTR:0000669
ENCSR928WMU	ENCSR126YHP	DNase-seq	FALSE	heart right ventricle	GRCh38	Homo sapiens	male adult (66 years)	tissue	UBERON:0002080
ENCSR297ORG	ENCSR127GFJ	DNase-seq	FALSE	muscle of leg	GRCh38	Homo sapiens	male embryo (96 days)	tissue	UBERON:0001383
ENCSR278FVO	ENCSR127MYY	DNase-seq	FALSE	neuronal stem cell	GRCh38	Homo sapiens	male embryo	in vitro differentiated cells	CL:0000047
ENCSR075MQZ	ENCSR129MDQ	DNase-seq	FALSE	stimulated activated CD4-positive, alpha-beta T cell	GRCh38	Homo sapiens	male adult (38 years) treated with anti-CD3 and anti-CD28 coated beads for 24 hours, 100 ng/mL Interleukin-12 subunit alpha for 24 hours, 100 ng/mL Interleukin-12 subunit beta for 24 hours	primary cell	NTR:0000663
ENCSR167SYF	ENCSR130CJC	ATAC-seq	FALSE	cardiac septum	GRCh38	Homo sapiens	female adult (41 years)	tissue	UBERON:0002099
ENCSR645HET	ENCSR131DAY	DNase-seq	FALSE	dorsolateral prefrontal cortex	GRCh38	Homo sapiens	male adult (87 years)	tissue	UBERON:0009834
ENCSR301OGM	ENCSR131EZF	DNase-seq	TRUE	NAMALWA	GRCh38	Homo sapiens	treated with Sendai virus for 2.0 hours	cell line	EFO:0002246
ENCSR941SMM	ENCSR132HHY	DNase-seq	FALSE	stomach	GRCh38	Homo sapiens	embryo (101 days)	tissue	UBERON:0000945
ENCSR871APX	ENCSR132IOD	DNase-seq	FALSE	right kidney	GRCh38	Homo sapiens	female embryo (147 days)	tissue	UBERON:0004539
ENCSR332HAD	ENCSR132JVG	DNase-seq	FALSE	naive thymus-derived CD8-positive, alpha-beta T cell	GRCh38	Homo sapiens	male adult (56 years)	primary cell	CL:0000900
ENCSR956NOL	ENCSR132ZIL	DNase-seq	FALSE	muscle of arm	GRCh38	Homo sapiens	male embryo (127 days)	tissue	UBERON:0001499
ENCSR408IVU	ENCSR134EDE	ATAC-seq	FALSE	GM21526	GRCh38	Homo sapiens		cell line	CLO:0014083
ENCSR671YPX	ENCSR134LVT	DNase-seq	FALSE	head of caudate nucleus	GRCh38	Homo sapiens	female adult (77 years)	tissue	UBERON:0002626
ENCSR869JYO	ENCSR134SAX	DNase-seq	FALSE	T-helper 2 cell	GRCh38	Homo sapiens	male adult (42 years)	primary cell	CL:0000546
ENCSR314EZY	ENCSR134TII	DNase-seq	FALSE	L1-S8	GRCh38	Homo sapiens		cell line	EFO:0007599
ENCSR746RDJ	ENCSR135HTA	DNase-seq	FALSE	heart right ventricle	GRCh38	Homo sapiens	female embryo (103 days) female embryo (101 days)	tissue	UBERON:0002080
ENCSR688AWP	ENCSR136YYL	DNase-seq	FALSE	head of caudate nucleus	GRCh38	Homo sapiens	female adult (90 or above years)	tissue	UBERON:0002626
ENCSR477RTP	ENCSR137OLC	DNase-seq	FALSE	IMR-90	GRCh38	Homo sapiens		cell line	EFO:0001196
ENCSR507XBY	ENCSR137QZB	DNase-seq	FALSE	T-cell	GRCh38	Homo sapiens	male adult (19 years)	primary cell	CL:0000084
ENCSR000EMN	ENCSR137UTN	DNase-seq	FALSE	CMK	GRCh38	Homo sapiens		cell line	EFO:0003037
ENCSR721DFB	ENCSR138CJH	DNase-seq	FALSE	head of caudate nucleus	GRCh38	Homo sapiens	female adult (90 or above years) with mild cognitive impairment	tissue	UBERON:0002626
ENCSR207CQH	ENCSR138LXP	DNase-seq	FALSE	stimulated activated CD4-positive, alpha-beta T cell	GRCh38	Homo sapiens	male adult (42 years) treated with anti-CD3 and anti-CD28 coated beads for 48 hours, 100 ng/mL Interleukin-12 subunit alpha for 48 hours, 100 ng/mL Interleukin-12 subunit beta for 48 hours	primary cell	NTR:0000663
ENCSR818JGZ	ENCSR138OCE	DNase-seq	FALSE	limb	GRCh38	Homo sapiens	embryo (53 days) embryo (56 days)	tissue	UBERON:0002101
ENCSR204PZT	ENCSR139CRO	ATAC-seq	FALSE	heart left ventricle	GRCh38	Homo sapiens	female adult (41 years)	tissue	UBERON:0002084
ENCSR946BPA	ENCSR139FZM	DNase-seq	FALSE	CD8-positive, alpha-beta T cell	GRCh38	Homo sapiens	male adult (38 years)	primary cell	CL:0000625
ENCSR457ILW	ENCSR141OSZ	DNase-seq	FALSE	small intestine	GRCh38	Homo sapiens	female embryo (91 days)	tissue	UBERON:0002108
ENCSR167JFX	ENCSR141XLS	DNase-seq	FALSE	CD4-positive, alpha-beta T cell	GRCh38	Homo sapiens	male adult (37 years)	primary cell	CL:0000624
ENCSR173YSO	ENCSR142NSU	DNase-seq	FALSE	dorsolateral prefrontal cortex	GRCh38	Homo sapiens	female adult (79 years)	tissue	UBERON:0009834
ENCSR085MZL	ENCSR142UYP	DNase-seq	FALSE	Right ventricle myocardium inferior	GRCh38	Homo sapiens	male adult (60 years)	tissue	NTR:0000491
ENCSR627QIA	ENCSR144UFY	DNase-seq	FALSE	T-cell	GRCh38	Homo sapiens	male adult (28 years)	primary cell	CL:0000084
ENCSR860IDO	ENCSR145FGL	DNase-seq	FALSE	activated CD8-positive, alpha-beta memory T cell	GRCh38	Homo sapiens	female adult (33 years) treated with anti-CD3 and anti-CD28 coated beads for 4 hours	primary cell	NTR:0000504
ENCSR589ROM	ENCSR146GBX	ATAC-seq	FALSE	dendritic cell	GRCh38	Homo sapiens	treated with 100 ng/mL lipopolysaccharide for 4 hours	in vitro differentiated cells	CL:0000451
ENCSR294QCR	ENCSR146ZYL	DNase-seq	FALSE	muscle of leg	GRCh38	Homo sapiens	male embryo (97 days)	tissue	UBERON:0001383
ENCSR033STL	ENCSR147DMQ	DNase-seq	FALSE	muscle of back	GRCh38	Homo sapiens	female embryo (105 days)	tissue	UBERON:0002324
ENCSR628IRM	ENCSR147PTU	DNase-seq	FALSE	T-cell	GRCh38	Homo sapiens	male adult (21 years)	primary cell	CL:0000084
ENCSR731DJH	ENCSR149DSA	DNase-seq	FALSE	stimulated activated CD4-positive, alpha-beta T cell	GRCh38	Homo sapiens	male adult (38 years) treated with anti-CD3 and anti-CD28 coated beads for 24 hours, 100 ng/mL TNF-alpha for 24 hours	primary cell	NTR:0000663
ENCSR802ZYE	ENCSR149JWI	DNase-seq	FALSE	left lobe of liver	GRCh38	Homo sapiens	male adult (45 years)	tissue	UBERON:0001115
ENCSR164TBP	ENCSR149LGO	DNase-seq	FALSE	right lobe of liver	GRCh38	Homo sapiens	female child (16 years)	tissue	UBERON:0001114
ENCSR433NEX	ENCSR150BEX	DNase-seq	FALSE	posterior cingulate gyrus	GRCh38	Homo sapiens	female adult (90 or above years) with mild cognitive impairment	tissue	UBERON:0002740
ENCSR470ZNM	ENCSR150XDG	ATAC-seq	FALSE	HG03060	GRCh38	Homo sapiens		cell line	EFO:0010863
ENCSR419CKG	ENCSR151FWL	DNase-seq	FALSE	stimulated activated CD4-positive, alpha-beta T cell	GRCh38	Homo sapiens	female adult (33 years) treated with anti-CD3 and anti-CD28 coated beads for 1 hour, 100 ng/mL Interleukin-4 for 1 hour	primary cell	NTR:0000663
ENCSR242CLA	ENCSR151JCL	DNase-seq	FALSE	activated CD4-positive, CD25-positive, alpha-beta regulatory T cell	GRCh38	Homo sapiens	female adult (21 years) treated with 50 U/mL Interleukin-2 for 72 hours, anti-CD3 and anti-CD28 coated beads for 72 hours	primary cell	NTR:0004148
ENCSR396ZIN	ENCSR151PKI	DNase-seq	FALSE	T-cell	GRCh38	Homo sapiens	female adult (35 years)	primary cell	CL:0000084
ENCSR784RMA	ENCSR152AFM	DNase-seq	FALSE	T-cell	GRCh38	Homo sapiens	male adult (36 years)	primary cell	CL:0000084
ENCSR670ZSA	ENCSR152FUS	DNase-seq	FALSE	right kidney	GRCh38	Homo sapiens	male embryo (96 days)	tissue	UBERON:0004539
ENCSR800KVI	ENCSR152IAX	DNase-seq	FALSE	dorsolateral prefrontal cortex	GRCh38	Homo sapiens	female adult (84 years)	tissue	UBERON:0009834
ENCSR536NGW	ENCSR152TIL	DNase-seq	FALSE	heart	GRCh38	Homo sapiens	male embryo (96 days)	tissue	UBERON:0000948
ENCSR552TPH	ENCSR153FUR	DNase-seq	FALSE	T-cell	GRCh38	Homo sapiens	female adult (53 years)	primary cell	CL:0000084
ENCSR490UQP	ENCSR154JQI	DNase-seq	FALSE	dorsolateral prefrontal cortex	GRCh38	Homo sapiens	female adult (87 years)	tissue	UBERON:0009834
ENCSR593YFB	ENCSR155LWZ	ATAC-seq	FALSE	heart left ventricle	GRCh38	Homo sapiens	female adult (42 years)	tissue	UBERON:0002084
ENCSR195ONB	ENCSR157IQH	DNase-seq	FALSE	thyroid gland	GRCh38	Homo sapiens	female adult (53 years)	tissue	UBERON:0002046
ENCSR849CYU	ENCSR157PLP	DNase-seq	FALSE	head of caudate nucleus	GRCh38	Homo sapiens	female adult (90 or above years) with mild cognitive impairment	tissue	UBERON:0002626
ENCSR085XKS	ENCSR158HIK	DNase-seq	FALSE	head of caudate nucleus	GRCh38	Homo sapiens	male adult (80 years) with Cognitive impairment, Alzheimer's disease	tissue	UBERON:0002626
ENCSR984SQJ	ENCSR158MHO	DNase-seq	FALSE	right atrium auricular region	GRCh38	Homo sapiens	female adult (53 years)	tissue	UBERON:0006631
ENCSR841UCZ	ENCSR158YLN	DNase-seq	FALSE	activated CD4-positive, alpha-beta T cell	GRCh38	Homo sapiens	male adult (38 years) treated with anti-CD3 and anti-CD28 coated beads for 1 hour	primary cell	CL:0000896
ENCSR060TTR	ENCSR159UVY	DNase-seq	FALSE	stimulated activated CD8-positive, alpha-beta memory T cell	GRCh38	Homo sapiens	female adult (33 years) treated with anti-CD3 and anti-CD28 coated beads for 48 hours, 100 ng/mL Interleukin-7 for 48 hours	primary cell	NTR:0000669
ENCSR677XGD	ENCSR159VOX	DNase-seq	FALSE	head of caudate nucleus	GRCh38	Homo sapiens	male adult (89 years) with mild cognitive impairment	tissue	UBERON:0002626
ENCSR722HJG	ENCSR160HBG	DNase-seq	FALSE	head of caudate nucleus	GRCh38	Homo sapiens	female adult (82 years)	tissue	UBERON:0002626
ENCSR238FMP	ENCSR161GHW	DNase-seq	FALSE	heart right ventricle	GRCh38	Homo sapiens	male adult (40 years)	tissue	UBERON:0002080
ENCSR712ZRY	ENCSR161MFO	ATAC-seq	FALSE	GM19463	GRCh38	Homo sapiens		cell line	CLO:0026874
ENCSR042DVU	ENCSR162JGS	DNase-seq	FALSE	head of caudate nucleus	GRCh38	Homo sapiens	female adult (74 years) with Alzheimer's disease	tissue	UBERON:0002626
ENCSR295DUI	ENCSR162OQQ	DNase-seq	FALSE	left kidney	GRCh38	Homo sapiens	female embryo (87 days)	tissue	UBERON:0004538
ENCSR314IOV	ENCSR163HRT	DNase-seq	FALSE	CD4-positive, alpha-beta T cell	GRCh38	Homo sapiens	female adult (39 years) treated with Interleukin-1 beta for 1 hour	primary cell	CL:0000624
ENCSR040DGJ	ENCSR164ICL	DNase-seq	FALSE	T-cell	GRCh38	Homo sapiens		primary cell	CL:0000084
ENCSR780ABS	ENCSR165GRK	DNase-seq	FALSE	activated T-helper 2 cell	GRCh38	Homo sapiens	male adult (35 years) treated with 5 μg/mL Interferon-gamma antibody for 36 hours, anti-CD3 and anti-CD28 coated beads for 24 hours, 10 ng/mL Interleukin-2 for 14 days, anti-CD3 and anti-CD28 coated beads for 14 days, 100 ng/mL Interleukin-4 for 36 hours	primary cell	NTR:0000634
ENCSR372IGW	ENCSR165KAD	ATAC-seq	FALSE	GM19395	GRCh38	Homo sapiens		cell line	CLO:0026790
ENCSR129GCL	ENCSR165LWU	DNase-seq	FALSE	CD4-positive, alpha-beta T cell	GRCh38	Homo sapiens	male adult (42 years)	primary cell	CL:0000624
ENCSR038POV	ENCSR165ZRY	DNase-seq	FALSE	activated T-cell	GRCh38	Homo sapiens	female adult (33 years) treated with anti-CD3 and anti-CD28 coated beads for 4 hours, 50 U/mL Interleukin-2 for 4 hours	primary cell	NTR:0000537
ENCSR006XED	ENCSR166DMK	DNase-seq	FALSE	left lung	GRCh38	Homo sapiens	female embryo (98 days)	tissue	UBERON:0002168
ENCSR040PBN	ENCSR166OAU	ATAC-seq	FALSE	HG03066	GRCh38	Homo sapiens		cell line	EFO:0010865
ENCSR940YDN	ENCSR166TNL	ATAC-seq	FALSE	HG03159	GRCh38	Homo sapiens		cell line	EFO:0010872
ENCSR739VKY	ENCSR167ROT	DNase-seq	FALSE	naive B cell	GRCh38	Homo sapiens	female adult (39 years)	primary cell	CL:0000788
ENCSR277KRY	ENCSR167VCE	DNase-seq	FALSE	adrenal gland	GRCh38	Homo sapiens	male adult (37 years)	tissue	UBERON:0002369
ENCSR509JPT	ENCSR168OLJ	ATAC-seq	FALSE	GM21367	GRCh38	Homo sapiens		cell line	CLO:0015900
ENCSR323TXQ	ENCSR168OOW	DNase-seq	FALSE	stimulated activated CD4-positive, alpha-beta T cell	GRCh38	Homo sapiens	male adult (38 years) treated with anti-CD3 and anti-CD28 coated beads for 48 hours, 100 ng/mL Interleukin-23 for 48 hours, 100 ng/mL Interleukin-1b for 48 hours	primary cell	NTR:0000663
ENCSR828FVZ	ENCSR168TWU	DNase-seq	FALSE	body of pancreas	GRCh38	Homo sapiens	female adult (53 years)	tissue	UBERON:0001150
ENCSR777USE	ENCSR169CSC	DNase-seq	FALSE	thymus	GRCh38	Homo sapiens	female embryo (147 days)	tissue	UBERON:0002370
ENCSR533VAF	ENCSR170IUO	DNase-seq	FALSE	heart	GRCh38	Homo sapiens	female embryo (147 days)	tissue	UBERON:0000948
ENCSR918TVE	ENCSR170MMS	ATAC-seq	FALSE	pancreas	GRCh38	Homo sapiens	female adult (47 years)	tissue	UBERON:0001264
ENCSR278JWM	ENCSR170RXX	ATAC-seq	FALSE	HG03558	GRCh38	Homo sapiens		cell line	EFO:0010887
ENCSR305WLF	ENCSR171OHS	DNase-seq	FALSE	T-cell	GRCh38	Homo sapiens	male adult (25 years)	primary cell	CL:0000084
ENCSR973MKT	ENCSR173PIN	DNase-seq	FALSE	spinal cord	GRCh38	Homo sapiens	female embryo (87 days)	tissue	UBERON:0002240
ENCSR217TAW	ENCSR174HCP	DNase-seq	FALSE	GM23248	GRCh38	Homo sapiens		cell line	EFO:0005723
ENCSR137FWW	ENCSR174PGN	DNase-seq	FALSE	head of caudate nucleus	GRCh38	Homo sapiens	male adult (90 or above years)	tissue	UBERON:0002626
ENCSR773USD	ENCSR175MRS	ATAC-seq	FALSE	body of pancreas	GRCh38	Homo sapiens	female adult (51 years)	tissue	UBERON:0001150
ENCSR846VPV	ENCSR176HAX	ATAC-seq	FALSE	heart left ventricle	GRCh38	Homo sapiens	female adult (66 years)	tissue	UBERON:0002084
ENCSR058VBM	ENCSR176OCJ	DNase-seq	FALSE	upper lobe of left lung	GRCh38	Homo sapiens	male adult (37 years)	tissue	UBERON:0008952
ENCSR330ZBO	ENCSR176QSI	DNase-seq	FALSE	ovary	GRCh38	Homo sapiens	female adult (59 years)	tissue	UBERON:0000992
ENCSR566VAK	ENCSR178HDU	DNase-seq	FALSE	placenta	GRCh38	Homo sapiens	female embryo	tissue	UBERON:0001987
ENCSR084FHK	ENCSR178PRM	ATAC-seq	FALSE	GM18505	GRCh38	Homo sapiens		cell line	EFO:0005332
ENCSR158KCS	ENCSR179QCR	ATAC-seq	FALSE	spleen	GRCh38	Homo sapiens	female adult (61 years)	tissue	UBERON:0002106
ENCSR833ACP	ENCSR180LMS	ATAC-seq	FALSE	HG03103	GRCh38	Homo sapiens		cell line	EFO:0010868
ENCSR928PKL	ENCSR180LWS	DNase-seq	FALSE	dorsolateral prefrontal cortex	GRCh38	Homo sapiens	female adult (81 years) with Cognitive impairment	tissue	UBERON:0009834
ENCSR000ENK	ENCSR180SFJ	DNase-seq	FALSE	fibroblast of the conjunctiva	GRCh38	Homo sapiens		primary cell	CL:0002550
ENCSR376DAE	ENCSR182DEK	DNase-seq	FALSE	CD4-positive, alpha-beta T cell	GRCh38	Homo sapiens	male adult (20 years)	primary cell	CL:0000624
ENCSR217YRJ	ENCSR183INL	DNase-seq	FALSE	muscle of trunk	GRCh38	Homo sapiens	female embryo (120 days)	tissue	UBERON:0001774
ENCSR467LJT	ENCSR183NBM	DNase-seq	FALSE	stimulated activated CD4-positive, alpha-beta T cell	GRCh38	Homo sapiens	male adult (38 years) treated with anti-CD3 and anti-CD28 coated beads for 1 hour, 100 ng/mL TNF-alpha for 1 hour	primary cell	NTR:0000663
ENCSR311LLZ	ENCSR183OLA	DNase-seq	FALSE	heart	GRCh38	Homo sapiens	male embryo (110 days)	tissue	UBERON:0000948
ENCSR246VSO	ENCSR184TFG	DNase-seq	FALSE	heart right ventricle	GRCh38	Homo sapiens	female adult (56 years)	tissue	UBERON:0002080
ENCSR662IRS	ENCSR184UEO	DNase-seq	FALSE	CD8-positive, alpha-beta T cell	GRCh38	Homo sapiens	female adult (33 years)	primary cell	CL:0000625
ENCSR105SCQ	ENCSR185PHM	ATAC-seq	FALSE	GM21360	GRCh38	Homo sapiens		cell line	CLO:0015908
ENCSR405YLV	ENCSR186WEO	DNase-seq	FALSE	body of pancreas	GRCh38	Homo sapiens	female adult (51 years)	tissue	UBERON:0001150
ENCSR401UZL	ENCSR187CII	DNase-seq	FALSE	dorsolateral prefrontal cortex	GRCh38	Homo sapiens	male adult (78 years)	tissue	UBERON:0009834
ENCSR419OAR	ENCSR187FBN	DNase-seq	FALSE	T-cell	GRCh38	Homo sapiens	male adult (24 years)	primary cell	CL:0000084
ENCSR528YDD	ENCSR188AGI	ATAC-seq	FALSE	HG03342	GRCh38	Homo sapiens		cell line	EFO:0010876
ENCSR630XDN	ENCSR188NOD	DNase-seq	FALSE	T-cell	GRCh38	Homo sapiens	female adult (18 years)	primary cell	CL:0000084
ENCSR620QNS	ENCSR189QVD	DNase-seq	FALSE	HAP-1	GRCh38	Homo sapiens		cell line	EFO:0007598
ENCSR218FJD	ENCSR190HNX	DNase-seq	FALSE	T-cell	GRCh38	Homo sapiens	male adult (30 years)	primary cell	CL:0000084
ENCSR646JBR	ENCSR191HRN	DNase-seq	FALSE	head of caudate nucleus	GRCh38	Homo sapiens	female adult (90 or above years) with Alzheimer's disease	tissue	UBERON:0002626
ENCSR895TUV	ENCSR191ZIX	DNase-seq	FALSE	head of caudate nucleus	GRCh38	Homo sapiens	female adult (87 years) with mild cognitive impairment	tissue	UBERON:0002626
ENCSR330JXM	ENCSR192ORZ	DNase-seq	FALSE	brain	GRCh38	Homo sapiens	brain organoid 90 days post differentiation	organoid	UBERON:0000955
ENCSR414ZUA	ENCSR193BUT	DNase-seq	FALSE	right kidney	GRCh38	Homo sapiens	male embryo (108 days)	tissue	UBERON:0004539
ENCSR622HTS	ENCSR193CJS	DNase-seq	FALSE	right cardiac atrium	GRCh38	Homo sapiens	female adult (59 years)	tissue	UBERON:0002078
ENCSR298SDT	ENCSR193FTZ	DNase-seq	FALSE	thoracic aorta	GRCh38	Homo sapiens	male adult (37 years)	tissue	UBERON:0001515
ENCSR166TEE	ENCSR193XJI	DNase-seq	FALSE	forelimb muscle	GRCh38	Homo sapiens	female embryo (108 days)	tissue	UBERON:0003662
ENCSR668VCT	ENCSR194GTM	ATAC-seq	FALSE	transverse colon	GRCh38	Homo sapiens	male adult (37 years)	tissue	UBERON:0001157
ENCSR587HPR	ENCSR195ZBJ	DNase-seq	FALSE	lung	GRCh38	Homo sapiens	male embryo (82 days)	tissue	UBERON:0002048
ENCSR752EPH	ENCSR197CZL	DNase-seq	FALSE	MCF 10A	GRCh38	Homo sapiens	treated with 1.0 μM tamoxifen for 24.0 hours	cell line	EFO:0001200
ENCSR685PCS	ENCSR197HKB	DNase-seq	FALSE	placenta	GRCh38	Homo sapiens	male embryo	tissue	UBERON:0001987
ENCSR987CQN	ENCSR197OKX	DNase-seq	FALSE	posterior cingulate gyrus	GRCh38	Homo sapiens	female adult (88 years)	tissue	UBERON:0002740
ENCSR515DVK	ENCSR198OGA	DNase-seq	FALSE	CD4-positive, alpha-beta T cell	GRCh38	Homo sapiens	male adult (38 years)	primary cell	CL:0000624
ENCSR555DLG	ENCSR200CIY	DNase-seq	FALSE	posterior cingulate gyrus	GRCh38	Homo sapiens	male adult (90 or above years) with Alzheimer's disease	tissue	UBERON:0002740
ENCSR260ZIV	ENCSR200XHH	ATAC-seq	FALSE	gastroesophageal sphincter	GRCh38	Homo sapiens	female adult (51 years)	tissue	UBERON:0004550
ENCSR237VSF	ENCSR201RNX	ATAC-seq	FALSE	dendritic cell	GRCh38	Homo sapiens	treated with lipopolysaccharide	in vitro differentiated cells	CL:0000451
ENCSR826ERZ	ENCSR204UTL	DNase-seq	FALSE	muscle of arm	GRCh38	Homo sapiens	embryo (101 days)	tissue	UBERON:0001499
ENCSR416QNA	ENCSR204XYH	DNase-seq	FALSE	activated T-cell	GRCh38	Homo sapiens	female adult (33 years) treated with anti-CD3 and anti-CD28 coated beads for 24 hours, 50 U/mL Interleukin-2 for 24 hours	primary cell	NTR:0000537
ENCSR251UPG	ENCSR205CAI	DNase-seq	FALSE	foreskin fibroblast	GRCh38	Homo sapiens	male newborn	primary cell	CL:1001608
ENCSR567IWT	ENCSR206BGH	DNase-seq	FALSE	CD4-positive, alpha-beta T cell	GRCh38	Homo sapiens	female adult (37 years)	primary cell	CL:0000624
ENCSR694DOX	ENCSR206FDN	DNase-seq	FALSE	posterior cingulate gyrus	GRCh38	Homo sapiens	male adult (83 years)	tissue	UBERON:0002740
ENCSR000EQD	ENCSR207XFF	DNase-seq	FALSE	T-helper 1 cell	GRCh38	Homo sapiens	female adult (26 years)	primary cell	CL:0000545
ENCSR931UQB	ENCSR208LEK	DNase-seq	FALSE	small intestine	GRCh38	Homo sapiens	male adult (34 years)	tissue	UBERON:0002108
ENCSR666YVE	ENCSR208SZX	DNase-seq	FALSE	large intestine	GRCh38	Homo sapiens	male embryo (105 days)	tissue	UBERON:0000059
ENCSR724CND	ENCSR208XNH	DNase-seq	FALSE	foreskin keratinocyte	GRCh38	Homo sapiens	male newborn	primary cell	CL:1001606
ENCSR118WIQ	ENCSR209CVI	DNase-seq	FALSE	brain	GRCh38	Homo sapiens	embryo (112 days)	tissue	UBERON:0000955
ENCSR452DCM	ENCSR209OIH	DNase-seq	FALSE	CD14-positive monocyte	GRCh38	Homo sapiens	male adult (21 years)	primary cell	CL:0001054
ENCSR457RVC	ENCSR210DXU	DNase-seq	FALSE	T-cell	GRCh38	Homo sapiens	male adult (28 years)	primary cell	CL:0000084
ENCSR634ZYB	ENCSR210FDQ	DNase-seq	FALSE	stimulated activated CD4-positive, alpha-beta T cell	GRCh38	Homo sapiens	female adult (33 years) treated with anti-CD3 and anti-CD28 coated beads for 4 hours, 100 ng/mL Interleukin-23 for 4 hours, 100 ng/mL Interleukin-1b for 4 hours	primary cell	NTR:0000663
ENCSR304ZDQ	ENCSR210KZN	ATAC-seq	FALSE	GM18873	GRCh38	Homo sapiens		cell line	CLO:0026245
ENCSR541JMK	ENCSR210OQR	DNase-seq	FALSE	adrenal gland	GRCh38	Homo sapiens	female adult (47 years)	tissue	UBERON:0002369
ENCSR204FCV	ENCSR211DNX	ATAC-seq	FALSE	dendritic cell	GRCh38	Homo sapiens	treated with lipopolysaccharide	in vitro differentiated cells	CL:0000451
ENCSR945KSP	ENCSR211GRM	DNase-seq	FALSE	mesothelial cell of epicardium	GRCh38	Homo sapiens	female embryo (5 days)	in vitro differentiated cells	CL:0011019
ENCSR420RWU	ENCSR211QSL	DNase-seq	FALSE	brain	GRCh38	Homo sapiens	male embryo (105 days)	tissue	UBERON:0000955
ENCSR000EOD	ENCSR213BXO	DNase-seq	FALSE	lung microvascular endothelial cell	GRCh38	Homo sapiens	female	primary cell	CL:2000016
ENCSR564JUY	ENCSR214COF	DNase-seq	FALSE	hematopoietic multipotent progenitor cell	GRCh38	Homo sapiens	male adult (25 years) treated with interleukin-3 for 6 days, kit ligand for 6 days, hydrocortisone succinate for 6 days, erythropoietin for 6 days	in vitro differentiated cells	CL:0000837
ENCSR176KYD	ENCSR214ZOR	DNase-seq	FALSE	fibroblast of skin of abdomen	GRCh38	Homo sapiens	male embryo (97 days)	primary cell	CL:2000013
ENCSR395EZY	ENCSR215BSD	DNase-seq	FALSE	placenta	GRCh38	Homo sapiens	male embryo	tissue	UBERON:0001987
ENCSR109DTU	ENCSR215IBY	DNase-seq	FALSE	activated B cell	GRCh38	Homo sapiens	male adult (22 years) treated with 0.5 μM CpG ODN for 24 hours	primary cell	NTR:0000506
ENCSR211SUT	ENCSR215KHF	DNase-seq	FALSE	heart right ventricle	GRCh38	Homo sapiens	male adult (55 years)	tissue	UBERON:0002080
ENCSR824YLD	ENCSR216EFF	DNase-seq	FALSE	CD4-positive, alpha-beta T cell	GRCh38	Homo sapiens	female adult (33 years)	primary cell	CL:0000624
ENCSR000EPK	ENCSR216WTI	DNase-seq	FALSE	CD14-positive monocyte	GRCh38	Homo sapiens	female	primary cell	CL:0001054
ENCSR524CPZ	ENCSR220HBM	ATAC-seq	FALSE	HG02798	GRCh38	Homo sapiens		cell line	EFO:0010849
ENCSR198UKY	ENCSR221HAB	DNase-seq	FALSE	T-cell	GRCh38	Homo sapiens	male adult (47 years)	primary cell	CL:0000084
ENCSR312INU	ENCSR221IMW	DNase-seq	FALSE	activated T-cell	GRCh38	Homo sapiens	female adult (33 years) treated with anti-CD3 and anti-CD28 coated beads for 48 hours, 50 U/mL Interleukin-2 for 48 hours	primary cell	NTR:0000537
ENCSR000ENZ	ENCSR221QDT	DNase-seq	FALSE	dermis blood vessel endothelial cell	GRCh38	Homo sapiens	male newborn	primary cell	CL:2000010
ENCSR705RZX	ENCSR222TQG	ATAC-seq	FALSE	uterus	GRCh38	Homo sapiens	female adult (46 years)	tissue	UBERON:0000995
ENCSR139PLJ	ENCSR224FSJ	DNase-seq	FALSE	activated CD4-positive, alpha-beta T cell	GRCh38	Homo sapiens	male adult (42 years) treated with anti-CD3 and anti-CD28 coated beads for 1 hour, 50 U/mL Interleukin-2 for 1 hour	primary cell	CL:0000896
ENCSR885WWJ	ENCSR224PQP	DNase-seq	FALSE	head of caudate nucleus	GRCh38	Homo sapiens	male adult (90 or above years) with Alzheimer's disease	tissue	UBERON:0002626
ENCSR884MCZ	ENCSR226CPF	DNase-seq	FALSE	right kidney	GRCh38	Homo sapiens	female embryo (98 days)	tissue	UBERON:0004539
ENCSR399OSE	ENCSR228EHT	ATAC-seq	FALSE	heart left ventricle	GRCh38	Homo sapiens	female adult (47 years)	tissue	UBERON:0002084
ENCSR859KGQ	ENCSR228QKN	DNase-seq	FALSE	right lung	GRCh38	Homo sapiens	female embryo (107 days)	tissue	UBERON:0002167
ENCSR572FSS	ENCSR229BTC	DNase-seq	FALSE	CD4-positive, alpha-beta T cell	GRCh38	Homo sapiens	male adult (38 years)	primary cell	CL:0000624
ENCSR970ZLG	ENCSR229TLU	DNase-seq	FALSE	small intestine	GRCh38	Homo sapiens	male embryo (87 days)	tissue	UBERON:0002108
ENCSR000ENO	ENCSR231LNG	DNase-seq	FALSE	HeLa-S3	GRCh38	Homo sapiens	G1b phase	cell line	EFO:0002791
ENCSR217PZP	ENCSR232CBY	DNase-seq	FALSE	T-cell	GRCh38	Homo sapiens	male adult (26 years)	primary cell	CL:0000084
ENCSR652IZW	ENCSR232HGF	DNase-seq	FALSE	posterior cingulate gyrus	GRCh38	Homo sapiens	female adult (90 or above years)	tissue	UBERON:0002740
ENCSR962ITF	ENCSR232YHY	ATAC-seq	FALSE	HG03108	GRCh38	Homo sapiens		cell line	EFO:0010869
ENCSR000EOO	ENCSR233FQG	DNase-seq	FALSE	skeletal muscle myoblast	GRCh38	Homo sapiens		primary cell	CL:0000515
ENCSR309FOO	ENCSR233IXC	DNase-seq	FALSE	brain	GRCh38	Homo sapiens	female embryo (117 days)	tissue	UBERON:0000955
ENCSR000EQB	ENCSR233KPU	DNase-seq	FALSE	T47D	GRCh38	Homo sapiens		cell line	EFO:0001247
ENCSR593LTJ	ENCSR233LNE	DNase-seq	FALSE	trophoblast cell	GRCh38	Homo sapiens	embryo (18 weeks) embryo (17 weeks)	primary cell	CL:0000351
ENCSR683YLO	ENCSR233MJY	DNase-seq	FALSE	stomach	GRCh38	Homo sapiens	female embryo (96 days)	tissue	UBERON:0000945
ENCSR950YTI	ENCSR234XNV	DNase-seq	FALSE	activated CD8-positive, alpha-beta memory T cell	GRCh38	Homo sapiens	female adult (33 years) treated with anti-CD3 and anti-CD28 coated beads for 4 hours, 50 U/mL Interleukin-2 for 4 hours	primary cell	NTR:0000504
ENCSR576UAF	ENCSR235RGV	DNase-seq	FALSE	colonic mucosa	GRCh38	Homo sapiens	female child (16 years)	tissue	UBERON:0000317
ENCSR124NNL	ENCSR236XBM	ATAC-seq	FALSE	liver	GRCh38	Homo sapiens	male adult (67 years)	tissue	UBERON:0002107
ENCSR217OHA	ENCSR237BVP	DNase-seq	FALSE	head of caudate nucleus	GRCh38	Homo sapiens	female adult (90 or above years)	tissue	UBERON:0002626
ENCSR120LVW	ENCSR237JRU	DNase-seq	FALSE	left kidney	GRCh38	Homo sapiens	female embryo (98 days)	tissue	UBERON:0004538
ENCSR035QHH	ENCSR238VPR	DNase-seq	FALSE	placenta	GRCh38	Homo sapiens	female embryo (113 days)	tissue	UBERON:0001987
ENCSR371KRY	ENCSR239BBH	DNase-seq	FALSE	fibroblast of skin of left quadriceps	GRCh38	Homo sapiens	male embryo (97 days)	primary cell	NTR:0000522
ENCSR425WQW	ENCSR239XHL	ATAC-seq	FALSE	GM19324	GRCh38	Homo sapiens		cell line	CLO:0027443
ENCSR389IHS	ENCSR240EVS	DNase-seq	FALSE	T-cell	GRCh38	Homo sapiens	male adult (24 years)	primary cell	CL:0000084
ENCSR600ZHS	ENCSR241IGX	ATAC-seq	FALSE	left colon	GRCh38	Homo sapiens	female adult (46 years)	tissue	UBERON:0008971
ENCSR820XRX	ENCSR242KXL	DNase-seq	FALSE	brain	GRCh38	Homo sapiens	female embryo (105 days)	tissue	UBERON:0000955
ENCSR953UJL	ENCSR242ROY	DNase-seq	FALSE	stimulated activated CD4-positive, alpha-beta T cell	GRCh38	Homo sapiens	female adult (33 years) treated with anti-CD3 and anti-CD28 coated beads for 4 hours, 100 ng/mL Interleukin-12 subunit alpha for 4 hours, 100 ng/mL Interleukin-12 subunit beta for 4 hours	primary cell	NTR:0000663
ENCSR518WRP	ENCSR243NFZ	DNase-seq	FALSE	dorsolateral prefrontal cortex	GRCh38	Homo sapiens	female adult (78 years)	tissue	UBERON:0009834
ENCSR543YPH	ENCSR244ZMB	DNase-seq	FALSE	left kidney	GRCh38	Homo sapiens	male embryo (115 days)	tissue	UBERON:0004538
ENCSR580OAH	ENCSR245HRL	DNase-seq	FALSE	renal pelvis	GRCh38	Homo sapiens	male embryo (91 days)	tissue	UBERON:0001224
ENCSR386HAZ	ENCSR245KNI	ATAC-seq	FALSE	transverse colon	GRCh38	Homo sapiens	female adult (51 years)	tissue	UBERON:0001157
ENCSR044JIR	ENCSR246MCM	DNase-seq	FALSE	activated naive CD8-positive, alpha-beta T cell	GRCh38	Homo sapiens	male adult (42 years) treated with anti-CD3 and anti-CD28 coated beads for 16 hours, 50 U/mL Interleukin-2 for 16 hours	primary cell	NTR:0000502
ENCSR106RBR	ENCSR246WUN	DNase-seq	FALSE	muscle of back	GRCh38	Homo sapiens	female embryo (115 days)	tissue	UBERON:0002324
ENCSR321KUC	ENCSR248PZF	DNase-seq	FALSE	CD8-positive, alpha-beta T cell	GRCh38	Homo sapiens	male adult (38 years)	primary cell	CL:0000625
ENCSR466SUZ	ENCSR248QWZ	DNase-seq	FALSE	activated T-cell	GRCh38	Homo sapiens	male adult (38 years) treated with anti-CD3 and anti-CD28 coated beads for 1 hour, 50 U/mL Interleukin-2 for 1 hour	primary cell	NTR:0000537
ENCSR700HPA	ENCSR248SEV	ATAC-seq	FALSE	GM18499	GRCh38	Homo sapiens		cell line	CLO:0024933
ENCSR878ITC	ENCSR249YMW	DNase-seq	FALSE	T-cell	GRCh38	Homo sapiens	male adult (21 years)	primary cell	CL:0000084
ENCSR098ISE	ENCSR250BPU	DNase-seq	FALSE	posterior cingulate gyrus	GRCh38	Homo sapiens	female adult (90 or above years) with Alzheimer's disease	tissue	UBERON:0002740
ENCSR803FKU	ENCSR251ZLN	ATAC-seq	FALSE	T-helper 17 cell	GRCh38	Homo sapiens	male adult (38 years)	primary cell	CL:0000899
ENCSR499PZA	ENCSR252ZMF	DNase-seq	FALSE	kidney	GRCh38	Homo sapiens	male embryo (105 days)	tissue	UBERON:0002113
ENCSR360LBD	ENCSR254QIH	DNase-seq	FALSE	fibroblast of skin of scalp	GRCh38	Homo sapiens	male embryo (97 days)	primary cell	CL:4006001
ENCSR000EQF	ENCSR255EPH	DNase-seq	FALSE	T-helper 17 cell	GRCh38	Homo sapiens		primary cell	CL:0000899
ENCSR651SOJ	ENCSR256SRN	ATAC-seq	FALSE	adrenal gland	GRCh38	Homo sapiens	female adult (47 years)	tissue	UBERON:0002369
ENCSR694LFE	ENCSR257DRO	DNase-seq	FALSE	heart right ventricle	GRCh38	Homo sapiens	male adult (61 years)	tissue	UBERON:0002080
ENCSR040DJK	ENCSR258FIF	ATAC-seq	FALSE	psoas muscle	GRCh38	Homo sapiens	female adult (59 years)	tissue	UBERON:0008450
ENCSR373BIX	ENCSR258MDW	DNase-seq	FALSE	CD1c-positive myeloid dendritic cell	GRCh38	Homo sapiens		primary cell	CL:0002399
ENCSR639ZJI	ENCSR259LWN	DNase-seq	FALSE	common myeloid progenitor, CD34-positive	GRCh38	Homo sapiens	male adult (23 years)	primary cell	CL:0001059
ENCSR356QCD	ENCSR260XZC	DNase-seq	FALSE	muscle of arm	GRCh38	Homo sapiens	male embryo (101 days)	tissue	UBERON:0001499
ENCSR498RLX	ENCSR261LIM	DNase-seq	FALSE	dorsolateral prefrontal cortex	GRCh38	Homo sapiens	female adult (90 or above years) with mild cognitive impairment	tissue	UBERON:0009834
ENCSR648JJT	ENCSR261RRH	ATAC-seq	FALSE	dendritic cell	GRCh38	Homo sapiens	treated with 100 ng/mL lipopolysaccharide for 30 minutes	in vitro differentiated cells	CL:0000451
ENCSR823ZCR	ENCSR261SKQ	ATAC-seq	FALSE	gastrocnemius medialis	GRCh38	Homo sapiens	female adult (51 years)	tissue	UBERON:0011907
ENCSR571CJM	ENCSR262FCJ	DNase-seq	FALSE	dorsolateral prefrontal cortex	GRCh38	Homo sapiens	female adult (87 years)	tissue	UBERON:0009834
ENCSR531AYV	ENCSR264EXC	DNase-seq	FALSE	naive thymus-derived CD4-positive, alpha-beta T cell	GRCh38	Homo sapiens	male adult (24 years)	primary cell	CL:0000895
ENCSR405TXU	ENCSR264LKG	DNase-seq	FALSE	adipocyte	GRCh38	Homo sapiens		in vitro differentiated cells	CL:0000136
ENCSR468AKF	ENCSR264VFS	DNase-seq	FALSE	B cell	GRCh38	Homo sapiens	male adult (22 years)	primary cell	CL:0000236
ENCSR659JPP	ENCSR265GDY	DNase-seq	FALSE	head of caudate nucleus	GRCh38	Homo sapiens	male adult (84 years) with mild cognitive impairment	tissue	UBERON:0002626
ENCSR152FWD	ENCSR265TNV	DNase-seq	FALSE	CD4-positive, alpha-beta T cell	GRCh38	Homo sapiens	female adult (39 years) treated with Interleukin-15 for 4 hours	primary cell	CL:0000624
ENCSR595HZQ	ENCSR265WLZ	DNase-seq	FALSE	pancreas	GRCh38	Homo sapiens	female adult (30 years)	tissue	UBERON:0001264
ENCSR366EGE	ENCSR266HWM	DNase-seq	FALSE	heart	GRCh38	Homo sapiens	embryo (101 days)	tissue	UBERON:0000948
ENCSR621JYI	ENCSR266ITU	ATAC-seq	FALSE	HG02885	GRCh38	Homo sapiens		cell line	EFO:0010854
ENCSR144ZXR	ENCSR266KYY	ATAC-seq	FALSE	HG02759	GRCh38	Homo sapiens		cell line	EFO:0010847
ENCSR000EMQ	ENCSR267GLX	DNase-seq	FALSE	GM06990	GRCh38	Homo sapiens		cell line	EFO:0002783
ENCSR584AXZ	ENCSR267ORB	ATAC-seq	FALSE	coronary artery	GRCh38	Homo sapiens	female adult (51 years)	tissue	UBERON:0001621
ENCSR619DRM	ENCSR270KMO	DNase-seq	FALSE	renal pelvis	GRCh38	Homo sapiens	female embryo (105 days)	tissue	UBERON:0001224
ENCSR605EGR	ENCSR271FFV	ATAC-seq	FALSE	dendritic cell	GRCh38	Homo sapiens	treated with 100 ng/mL lipopolysaccharide for 30 minutes	in vitro differentiated cells	CL:0000451
ENCSR562ACY	ENCSR271ZXE	DNase-seq	FALSE	fibroblast of skin of left biceps	GRCh38	Homo sapiens	male embryo (97 days)	primary cell	NTR:0000521
ENCSR388NOI	ENCSR272DSY	DNase-seq	FALSE	CD4-positive, alpha-beta T cell	GRCh38	Homo sapiens	female adult (39 years) treated with Interleukin-17A for 1 hour	primary cell	CL:0000624
ENCSR579RVI	ENCSR272TWH	DNase-seq	FALSE	posterior cingulate gyrus	GRCh38	Homo sapiens	female adult (90 or above years) with Alzheimer's disease	tissue	UBERON:0002740
ENCSR074WMH	ENCSR272XKK	ATAC-seq	FALSE	Right ventricle myocardium superior	GRCh38	Homo sapiens	male adult (60 years)	tissue	NTR:0000492
ENCSR920JUM	ENCSR274OUK	DNase-seq	FALSE	stimulated activated CD4-positive, alpha-beta T cell	GRCh38	Homo sapiens	male adult (38 years) treated with anti-CD3 and anti-CD28 coated beads for 1 hour, 100 ng/mL Interleukin-4 for 1 hour	primary cell	NTR:0000663
ENCSR258POP	ENCSR274UQO	DNase-seq	FALSE	posterior cingulate gyrus	GRCh38	Homo sapiens	female adult (90 or above years) with mild cognitive impairment	tissue	UBERON:0002740
ENCSR941DTJ	ENCSR275GLV	DNase-seq	FALSE	kidney	GRCh38	Homo sapiens	female embryo (108 days)	tissue	UBERON:0002113
ENCSR857MCZ	ENCSR275WXY	ATAC-seq	FALSE	HG02970	GRCh38	Homo sapiens		cell line	EFO:0010857
ENCSR857AEB	ENCSR276XFY	DNase-seq	FALSE	large intestine	GRCh38	Homo sapiens	male embryo (108 days)	tissue	UBERON:0000059
ENCSR411MGY	ENCSR276ZAN	DNase-seq	FALSE	muscle of trunk	GRCh38	Homo sapiens	female embryo (121 days)	tissue	UBERON:0001774
ENCSR064GBK	ENCSR278NRX	DNase-seq	FALSE	heart	GRCh38	Homo sapiens	female embryo (91 days)	tissue	UBERON:0000948
ENCSR311EEL	ENCSR278XXC	DNase-seq	FALSE	head of caudate nucleus	GRCh38	Homo sapiens	female adult (90 or above years) with mild cognitive impairment	tissue	UBERON:0002626
ENCSR274SDO	ENCSR279CNN	DNase-seq	FALSE	right forelimb	GRCh38	Homo sapiens	male embryo (81 days)	tissue	UBERON:8300001
ENCSR674JIL	ENCSR279GNT	DNase-seq	FALSE	CD14-positive monocyte	GRCh38	Homo sapiens	male adult (37 years)	primary cell	CL:0001054
ENCSR612IKQ	ENCSR279PMA	DNase-seq	FALSE	posterior cingulate gyrus	GRCh38	Homo sapiens	female adult (87 years) with Cognitive impairment, Alzheimer's disease	tissue	UBERON:0002740
ENCSR356KRQ	ENCSR280GJX	ATAC-seq	FALSE	foreskin keratinocyte	GRCh38	Homo sapiens	male newborn (2-4 days)	primary cell	CL:1001606
ENCSR163GMC	ENCSR280PSS	DNase-seq	FALSE	head of caudate nucleus	GRCh38	Homo sapiens	male adult (84 years) with Cognitive impairment, Alzheimer's disease	tissue	UBERON:0002626
ENCSR161ZGA	ENCSR280QLY	DNase-seq	FALSE	head of caudate nucleus	GRCh38	Homo sapiens	female adult (90 or above years) with Cognitive impairment, Alzheimer's disease	tissue	UBERON:0002626
ENCSR422RPD	ENCSR280VKC	ATAC-seq	FALSE	GM21717	GRCh38	Homo sapiens		cell line	CLO:0014043
ENCSR214EIV	ENCSR281GJA	ATAC-seq	FALSE	GM21619	GRCh38	Homo sapiens		cell line	CLO:0013950
ENCSR775KMA	ENCSR281IMH	ATAC-seq	FALSE	activated T-cell	GRCh38	Homo sapiens	male adult (38 years) treated with 50 U/mL Interleukin-2 for 4 hours, anti-CD3 and anti-CD28 coated beads for 4 hours	primary cell	NTR:0000537
ENCSR175OHT	ENCSR282COW	DNase-seq	FALSE	activated CD8-positive, alpha-beta memory T cell	GRCh38	Homo sapiens	male adult (38 years) treated with anti-CD3 and anti-CD28 coated beads for 24 hours, 50 U/mL Interleukin-2 for 24 hours	primary cell	NTR:0000504
ENCSR515EWI	ENCSR282JGE	DNase-seq	FALSE	Caki2	GRCh38	Homo sapiens		cell line	EFO:0002150
ENCSR512YXO	ENCSR282RKE	ATAC-seq	FALSE	GM21381	GRCh38	Homo sapiens		cell line	CLO:0015895
ENCSR126EVK	ENCSR283EJN	DNase-seq	FALSE	placenta	GRCh38	Homo sapiens	female embryo	tissue	UBERON:0001987
ENCSR162JNV	ENCSR284ELP	DNase-seq	FALSE	CD8-positive, alpha-beta T cell	GRCh38	Homo sapiens	male adult (38 years)	primary cell	CL:0000625
ENCSR770JCP	ENCSR284XOX	DNase-seq	FALSE	posterior cingulate gyrus	GRCh38	Homo sapiens	female adult (75 years)	tissue	UBERON:0002740
ENCSR800MBE	ENCSR286DZK	DNase-seq	FALSE	dorsolateral prefrontal cortex	GRCh38	Homo sapiens	female adult (82 years)	tissue	UBERON:0009834
ENCSR828RNY	ENCSR286LMR	DNase-seq	FALSE	renal cortex interstitium	GRCh38	Homo sapiens	male embryo (108 days)	tissue	UBERON:0005270
ENCSR977LVI	ENCSR289OHF	ATAC-seq	FALSE	T-cell	GRCh38	Homo sapiens	female adult (21 years)	primary cell	CL:0000084
ENCSR379NMT	ENCSR289QKT	ATAC-seq	FALSE	stimulated activated naive B cell	GRCh38	Homo sapiens	male adult (40 years) treated with 1 μg/mL anti-CD40 for 72 hours, 10 μg/mL anti-IgM for 72 hours, 100 ng/mL Interleukin-4 for 72 hours	primary cell	NTR:0000661
ENCSR682ETE	ENCSR290BAB	ATAC-seq	FALSE	left lung	GRCh38	Homo sapiens	female child (16 years)	tissue	UBERON:0002168
ENCSR346IHH	ENCSR290FSX	DNase-seq	FALSE	Daoy	GRCh38	Homo sapiens		cell line	EFO:0005698
ENCSR746ZPP	ENCSR291GSN	DNase-seq	FALSE	L1-S8R	GRCh38	Homo sapiens		cell line	EFO:0007600
ENCSR756FQD	ENCSR292TVD	DNase-seq	FALSE	head of caudate nucleus	GRCh38	Homo sapiens	male adult (87 years) with Cognitive impairment, Alzheimer's disease	tissue	UBERON:0002626
ENCSR802NBC	ENCSR292VYW	DNase-seq	FALSE	head of caudate nucleus	GRCh38	Homo sapiens	female adult (90 or above years) with Alzheimer's disease	tissue	UBERON:0002626
ENCSR860NDZ	ENCSR292WEZ	DNase-seq	FALSE	small intestine	GRCh38	Homo sapiens	female embryo (105 days)	tissue	UBERON:0002108
ENCSR842KCP	ENCSR293JHJ	DNase-seq	FALSE	cardiac muscle cell	GRCh38	Homo sapiens	embryo	in vitro differentiated cells	CL:0000746
ENCSR812ZKP	ENCSR293UQL	ATAC-seq	FALSE	motor neuron	GRCh38	Homo sapiens	male adult (49 years) with amyotrophic lateral sclerosis	in vitro differentiated cells	CL:0000100
ENCSR174JMM	ENCSR294MBS	DNase-seq	FALSE	heart	GRCh38	Homo sapiens	female embryo (117 days)	tissue	UBERON:0000948
ENCSR094QFZ	ENCSR294ULE	ATAC-seq	FALSE	activated CD4-positive, CD25-positive, alpha-beta regulatory T cell	GRCh38	Homo sapiens	male adult (38 years) treated with anti-CD3 and anti-CD28 coated beads for 24 hours, 50 U/mL Interleukin-2 for 24 hours	primary cell	NTR:0004148
ENCSR704HNG	ENCSR294YZE	DNase-seq	FALSE	natural killer cell	GRCh38	Homo sapiens	male adult (21 years)	primary cell	CL:0000623
ENCSR930USX	ENCSR295EEC	DNase-seq	FALSE	CD4-positive, alpha-beta T cell	GRCh38	Homo sapiens	male adult (42 years)	primary cell	CL:0000624
ENCSR000EMG	ENCSR295UGZ	DNase-seq	FALSE	HS-5	GRCh38	Homo sapiens		cell line	EFO:0005282
ENCSR000EOT	ENCSR296UHQ	DNase-seq	FALSE	K562	GRCh38	Homo sapiens		cell line	EFO:0002067
ENCSR888GBS	ENCSR297AUU	DNase-seq	FALSE	muscle of arm	GRCh38	Homo sapiens	male embryo (96 days)	tissue	UBERON:0001499
ENCSR038XTK	ENCSR297JWM	DNase-seq	FALSE	HCEC 1CT	GRCh38	Homo sapiens		cell line	EFO:0009500
ENCSR474GZQ	ENCSR297VLK	DNase-seq	FALSE	retina	GRCh38	Homo sapiens	embryo (125 days) male embryo (103 days)	tissue	UBERON:0000966
ENCSR290NGL	ENCSR298UAA	DNase-seq	FALSE	T-cell	GRCh38	Homo sapiens	female adult (32 years)	primary cell	CL:0000084
ENCSR363BTB	ENCSR299DBR	DNase-seq	FALSE	CD8-positive, alpha-beta T cell	GRCh38	Homo sapiens	male adult (21 years)	primary cell	CL:0000625
ENCSR648GDP	ENCSR299KST	DNase-seq	FALSE	fibroblast of skin of left biceps	GRCh38	Homo sapiens	male embryo (97 days)	primary cell	NTR:0000521
ENCSR693UHT	ENCSR299WQM	DNase-seq	FALSE	omental fat pad	GRCh38	Homo sapiens	female adult (51 years)	tissue	UBERON:0010414
ENCSR021YFW	ENCSR301LCS	DNase-seq	FALSE	activated CD4-positive, alpha-beta memory T cell	GRCh38	Homo sapiens	male adult (43 years) treated with anti-CD3 and anti-CD28 coated beads for 36 hours	primary cell	NTR:0000499
ENCSR208HAP	ENCSR301ZZA	ATAC-seq	FALSE	HG02981	GRCh38	Homo sapiens		cell line	EFO:0010859
ENCSR364TKL	ENCSR302PCL	DNase-seq	FALSE	renal pelvis	GRCh38	Homo sapiens	male embryo (97 days)	tissue	UBERON:0001224
ENCSR745CGG	ENCSR302PTC	ATAC-seq	FALSE	heart left ventricle	GRCh38	Homo sapiens	male adult (54 years)	tissue	UBERON:0002084
ENCSR974TXT	ENCSR303DZH	DNase-seq	FALSE	left kidney	GRCh38	Homo sapiens	female embryo (110 days)	tissue	UBERON:0004538
ENCSR930YSB	ENCSR303ZEU	DNase-seq	FALSE	stomach	GRCh38	Homo sapiens	female embryo (96 days)	tissue	UBERON:0000945
ENCSR154ZNQ	ENCSR304HOZ	DNase-seq	FALSE	heart	GRCh38	Homo sapiens	female embryo (105 days)	tissue	UBERON:0000948
ENCSR047FNH	ENCSR304TXH	DNase-seq	FALSE	large intestine	GRCh38	Homo sapiens	male embryo (113 days)	tissue	UBERON:0000059
ENCSR705KEB	ENCSR305AHO	ATAC-seq	FALSE	pancreas	GRCh38	Homo sapiens	female adult (59 years)	tissue	UBERON:0001264
ENCSR494IWJ	ENCSR305LCB	DNase-seq	FALSE	stimulated activated CD4-positive, alpha-beta T cell	GRCh38	Homo sapiens	male adult (42 years) treated with anti-CD3 and anti-CD28 coated beads for 24 hours, 100 ng/mL TNF-alpha for 24 hours	primary cell	NTR:0000663
ENCSR670REK	ENCSR306DOD	ATAC-seq	FALSE	gastroesophageal sphincter	GRCh38	Homo sapiens	female adult (53 years)	tissue	UBERON:0004550
ENCSR595DQM	ENCSR306FXM	DNase-seq	FALSE	aorta	GRCh38	Homo sapiens	female adult (59 years)	tissue	UBERON:0000947
ENCSR154YPL	ENCSR306KBB	DNase-seq	FALSE	large intestine	GRCh38	Homo sapiens	female embryo (110 days)	tissue	UBERON:0000059
ENCSR323UTX	ENCSR306LZC	DNase-seq	FALSE	upper lobe of left lung	GRCh38	Homo sapiens	female adult (51 years)	tissue	UBERON:0008952
ENCSR410IYF	ENCSR308BEP	DNase-seq	FALSE	T-cell	GRCh38	Homo sapiens	male adult (28 years)	primary cell	CL:0000084
ENCSR000EPU	ENCSR308JFW	DNase-seq	FALSE	epithelial cell of prostate	GRCh38	Homo sapiens		primary cell	CL:0002231
ENCSR065CER	ENCSR308SWU	ATAC-seq	FALSE	motor neuron	GRCh38	Homo sapiens	male adult (49 years) with amyotrophic lateral sclerosis	in vitro differentiated cells	CL:0000100
ENCSR839RAJ	ENCSR309NTI	DNase-seq	FALSE	dorsolateral prefrontal cortex	GRCh38	Homo sapiens	female adult (85 years) with Alzheimer's disease	tissue	UBERON:0009834
ENCSR540VTN	ENCSR309XZW	DNase-seq	FALSE	T-cell	GRCh38	Homo sapiens	male adult (40 years)	primary cell	CL:0000084
ENCSR024WOD	ENCSR310ESW	ATAC-seq	FALSE	GM21390	GRCh38	Homo sapiens		cell line	CLO:0015884
ENCSR403GBR	ENCSR311LQE	ATAC-seq	FALSE	heart right ventricle	GRCh38	Homo sapiens	male adult (55 years)	tissue	UBERON:0002080
ENCSR220ASC	ENCSR311VBG	ATAC-seq	FALSE	A549	GRCh38	Homo sapiens		cell line	EFO:0001086
ENCSR774NXA	ENCSR312SIF	ATAC-seq	FALSE	psoas muscle	GRCh38	Homo sapiens	female adult (61 years)	tissue	UBERON:0008450
ENCSR117PYB	ENCSR313GPN	ATAC-seq	FALSE	heart left ventricle	GRCh38	Homo sapiens	female adult (51 years)	tissue	UBERON:0002084
ENCSR000EOG	ENCSR313RDW	DNase-seq	FALSE	pulmonary artery endothelial cell	GRCh38	Homo sapiens	female	primary cell	CL:1001568
ENCSR445XYW	ENCSR314DCI	DNase-seq	FALSE	right lung	GRCh38	Homo sapiens	female embryo (98 days)	tissue	UBERON:0002167
ENCSR600RAA	ENCSR314VYG	DNase-seq	FALSE	left kidney	GRCh38	Homo sapiens	male embryo (87 days)	tissue	UBERON:0004538
ENCSR728BAD	ENCSR315ADW	DNase-seq	FALSE	adrenal gland	GRCh38	Homo sapiens	male embryo (108 days)	tissue	UBERON:0002369
ENCSR305UJX	ENCSR315XQO	DNase-seq	FALSE	heart	GRCh38	Homo sapiens	male child (3 years)	tissue	UBERON:0000948
ENCSR351FWN	ENCSR316BOA	DNase-seq	FALSE	dorsolateral prefrontal cortex	GRCh38	Homo sapiens	female adult (88 years)	tissue	UBERON:0009834
ENCSR315WAC	ENCSR316PCT	DNase-seq	FALSE	stimulated activated CD4-positive, alpha-beta T cell	GRCh38	Homo sapiens	male adult (38 years) treated with anti-CD3 and anti-CD28 coated beads for 48 hours, 100 ng/mL Interleukin-4 for 48 hours	primary cell	NTR:0000663
ENCSR630REB	ENCSR316RFC	ATAC-seq	FALSE	tibial artery	GRCh38	Homo sapiens	male adult (54 years)	tissue	UBERON:0007610
ENCSR429RHR	ENCSR316RNO	DNase-seq	FALSE	RKO	GRCh38	Homo sapiens		cell line	EFO:0001232
ENCSR210JVF	ENCSR316VER	DNase-seq	FALSE	stimulated activated CD8-positive, alpha-beta memory T cell	GRCh38	Homo sapiens	female adult (33 years) treated with anti-CD3 and anti-CD28 coated beads for 1 hour, 100 ng/mL Interleukin-4 for 1 hour	primary cell	NTR:0000669
ENCSR133WJY	ENCSR317GGQ	ATAC-seq	FALSE	left ventricle myocardium superior	GRCh38	Homo sapiens	male adult (60 years)	tissue	NTR:0000494
ENCSR404TSP	ENCSR317GLC	DNase-seq	FALSE	mucosa of descending colon	GRCh38	Homo sapiens	female adult (61 years)	tissue	UBERON:0004992
ENCSR454UTH	ENCSR317ONA	ATAC-seq	FALSE	GM19452	GRCh38	Homo sapiens		cell line	CLO:0026846
ENCSR570BWW	ENCSR317UTQ	DNase-seq	FALSE	dorsolateral prefrontal cortex	GRCh38	Homo sapiens	female adult (89 years) with Alzheimer's disease	tissue	UBERON:0009834
ENCSR122NDR	ENCSR318EBC	ATAC-seq	FALSE	GM21576	GRCh38	Homo sapiens		cell line	CLO:0014097
ENCSR943SYS	ENCSR319BRN	DNase-seq	FALSE	H9	GRCh38	Homo sapiens	stably expressing C-terminal DsRed-tagged CDT1, stably expressing N-terminal eGFP-tagged GMNN G2 phase	cell line	EFO:0003045
ENCSR488PHT	ENCSR319KPJ	DNase-seq	FALSE	left lung	GRCh38	Homo sapiens	male embryo (113 days)	tissue	UBERON:0002168
ENCSR499IFY	ENCSR320MUC	DNase-seq	FALSE	placenta	GRCh38	Homo sapiens	embryo (53 days)	tissue	UBERON:0001987
ENCSR803JVQ	ENCSR321CRM	DNase-seq	FALSE	T-cell	GRCh38	Homo sapiens	male adult (34 years)	primary cell	CL:0000084
ENCSR829MXU	ENCSR321NZH	DNase-seq	FALSE	pons	GRCh38	Homo sapiens	male adult (78 years)	tissue	UBERON:0000988
ENCSR000EQA	ENCSR321ROO	DNase-seq	FALSE	skeletal muscle cell	GRCh38	Homo sapiens		primary cell	CL:0000188
ENCSR604YEQ	ENCSR323AXJ	ATAC-seq	FALSE	HG02884	GRCh38	Homo sapiens		cell line	EFO:0010853
ENCSR000ENE	ENCSR323JJT	DNase-seq	FALSE	brain microvascular endothelial cell	GRCh38	Homo sapiens		primary cell	CL:2000044
ENCSR078EBD	ENCSR323QOO	ATAC-seq	FALSE	spleen	GRCh38	Homo sapiens	female adult (51 years)	tissue	UBERON:0002106
ENCSR066WZJ	ENCSR323YJT	DNase-seq	FALSE	kidney	GRCh38	Homo sapiens	embryo (80 days)	tissue	UBERON:0002113
ENCSR281HBB	ENCSR324XWQ	DNase-seq	FALSE	common myeloid progenitor, CD34-positive	GRCh38	Homo sapiens	male adult (49 years)	primary cell	CL:0001059
ENCSR990XXC	ENCSR325LOW	DNase-seq	FALSE	right kidney	GRCh38	Homo sapiens	male embryo (115 days)	tissue	UBERON:0004539
ENCSR258JCL	ENCSR328JBY	ATAC-seq	FALSE	gastrocnemius medialis	GRCh38	Homo sapiens	male adult (37 years)	tissue	UBERON:0011907
ENCSR268GBM	ENCSR328OBR	DNase-seq	FALSE	head of caudate nucleus	GRCh38	Homo sapiens	female adult (90 or above years) with mild cognitive impairment	tissue	UBERON:0002626
ENCSR642BXP	ENCSR329EAO	DNase-seq	FALSE	CD4-positive, alpha-beta T cell	GRCh38	Homo sapiens	female adult (39 years) treated with Interleukin-12 subunit beta for 1 hour, Interleukin-12 subunit alpha for 1 hour	primary cell	CL:0000624
ENCSR609DDQ	ENCSR330BZY	DNase-seq	FALSE	CD8-positive, alpha-beta T cell	GRCh38	Homo sapiens	female adult (34 years)	primary cell	CL:0000625
ENCSR571JFO	ENCSR331CJJ	ATAC-seq	FALSE	ovary	GRCh38	Homo sapiens	female child (16 years)	tissue	UBERON:0000992
ENCSR129TSG	ENCSR331GAY	DNase-seq	FALSE	placenta	GRCh38	Homo sapiens	female embryo (108 days)	tissue	UBERON:0001987
ENCSR453EVC	ENCSR331SRC	DNase-seq	FALSE	common myeloid progenitor, CD34-positive	GRCh38	Homo sapiens	male adult (36 years)	primary cell	CL:0001059
ENCSR471RHG	ENCSR331ZTT	DNase-seq	FALSE	stimulated activated CD8-positive, alpha-beta memory T cell	GRCh38	Homo sapiens	male adult (38 years) treated with anti-CD3 and anti-CD28 coated beads for 48 hours, 100 ng/mL Interleukin-2 for 48 hours	primary cell	NTR:0000669
ENCSR694OWY	ENCSR332CFL	ATAC-seq	FALSE	spleen	GRCh38	Homo sapiens	male adult (26 years)	tissue	UBERON:0002106
ENCSR638PZJ	ENCSR332IES	DNase-seq	FALSE	head of caudate nucleus	GRCh38	Homo sapiens	female adult (90 or above years) with mild cognitive impairment	tissue	UBERON:0002626
ENCSR000EQJ	ENCSR332VOK	DNase-seq	FALSE	CD4-positive, CD25-positive, alpha-beta regulatory T cell	GRCh38	Homo sapiens	female adult (35 years)	primary cell	CL:0000792
ENCSR914DOH	ENCSR333JBA	DNase-seq	FALSE	heart	GRCh38	Homo sapiens	female embryo (103 days)	tissue	UBERON:0000948
ENCSR385XHV	ENCSR335WRL	DNase-seq	FALSE	T-cell	GRCh38	Homo sapiens	female adult (31 years)	primary cell	CL:0000084
ENCSR864ADD	ENCSR335XYY	ATAC-seq	FALSE	adrenal gland	GRCh38	Homo sapiens	female adult (41 years)	tissue	UBERON:0002369
ENCSR856XGY	ENCSR336IJK	DNase-seq	FALSE	head of caudate nucleus	GRCh38	Homo sapiens	female adult (89 years) with Alzheimer's disease	tissue	UBERON:0002626
ENCSR420NOA	ENCSR336TDN	DNase-seq	FALSE	hematopoietic multipotent progenitor cell	GRCh38	Homo sapiens	male adult (25 years) treated with interleukin-3 for 11 days, kit ligand for 11 days, hydrocortisone succinate for 11 days, erythropoietin for 11 days	in vitro differentiated cells	CL:0000837
ENCSR524QBS	ENCSR336YZW	DNase-seq	FALSE	cardiac septum	GRCh38	Homo sapiens	female adult (41 years)	tissue	UBERON:0002099
ENCSR904UKR	ENCSR337TNB	ATAC-seq	FALSE	dendritic cell	GRCh38	Homo sapiens	treated with 100 ng/mL lipopolysaccharide for 6 hours	in vitro differentiated cells	CL:0000451
ENCSR072NBR	ENCSR338CYP	DNase-seq	FALSE	muscle of back	GRCh38	Homo sapiens	female embryo (98 days)	tissue	UBERON:0002324
ENCSR392YGP	ENCSR338IET	ATAC-seq	FALSE	effector memory CD8-positive, alpha-beta T cell	GRCh38	Homo sapiens	male adult (33 years)	primary cell	CL:0000913
ENCSR041PCL	ENCSR338IJV	DNase-seq	FALSE	T-cell	GRCh38	Homo sapiens	female adult (33 years)	primary cell	CL:0000084
ENCSR516CPW	ENCSR338RWJ	ATAC-seq	FALSE	right lobe of liver	GRCh38	Homo sapiens	female adult (47 years)	tissue	UBERON:0001114
ENCSR752NTF	ENCSR338TSY	DNase-seq	FALSE	right renal pelvis	GRCh38	Homo sapiens	male embryo (105 days)	tissue	UBERON:0018116
ENCSR476VJY	ENCSR339PPY	ATAC-seq	FALSE	CD8-positive, alpha-beta T cell	GRCh38	Homo sapiens	male adult (21 years)	primary cell	CL:0000625
ENCSR227FVE	ENCSR340JVJ	ATAC-seq	FALSE	ovary	GRCh38	Homo sapiens	female adult (59 years)	tissue	UBERON:0000992
ENCSR356RNZ	ENCSR340RCH	DNase-seq	FALSE	heart right ventricle	GRCh38	Homo sapiens	female adult (46 years)	tissue	UBERON:0002080
ENCSR799MVH	ENCSR342SVJ	DNase-seq	FALSE	activated CD4-positive, alpha-beta T cell	GRCh38	Homo sapiens	male adult (38 years) treated with anti-CD3 and anti-CD28 coated beads for 1 hour	primary cell	CL:0000896
ENCSR184DFF	ENCSR342VPM	DNase-seq	FALSE	left kidney	GRCh38	Homo sapiens	male embryo (96 days)	tissue	UBERON:0004538
ENCSR310UDW	ENCSR343DVA	ATAC-seq	FALSE	left cardiac atrium	GRCh38	Homo sapiens	male adult (40 years)	tissue	UBERON:0002079
ENCSR495INQ	ENCSR343SBB	DNase-seq	FALSE	common myeloid progenitor, CD34-positive	GRCh38	Homo sapiens	male adult (42 years)	primary cell	CL:0001059
ENCSR851EBF	ENCSR346KKN	ATAC-seq	FALSE	heart left ventricle	GRCh38	Homo sapiens	female adult (53 years)	tissue	UBERON:0002084
ENCSR458LIB	ENCSR347CFU	DNase-seq	FALSE	MM.1S	GRCh38	Homo sapiens		cell line	EFO:0005724
ENCSR953XJU	ENCSR347CFZ	DNase-seq	FALSE	left kidney	GRCh38	Homo sapiens	female embryo (107 days)	tissue	UBERON:0004538
ENCSR709YRE	ENCSR347TOO	DNase-seq	FALSE	T-helper 17 cell	GRCh38	Homo sapiens	male adult (42 years)	primary cell	CL:0000899
ENCSR786FWF	ENCSR347XBH	DNase-seq	FALSE	muscle of back	GRCh38	Homo sapiens	male embryo (127 days)	tissue	UBERON:0002324
ENCSR710SMN	ENCSR348BTG	ATAC-seq	FALSE	heart right ventricle	GRCh38	Homo sapiens	female adult (58 years)	tissue	UBERON:0002080
ENCSR000EMO	ENCSR349PIJ	DNase-seq	FALSE	GM04503	GRCh38	Homo sapiens		cell line	CLO:0018813
ENCSR398CXD	ENCSR350GNA	DNase-seq	FALSE	CD4-positive, CD25-positive, alpha-beta regulatory T cell	GRCh38	Homo sapiens	male adult (24 years)	primary cell	CL:0000792
ENCSR000EOJ	ENCSR350ZBB	DNase-seq	FALSE	fibroblast of lung	GRCh38	Homo sapiens		primary cell	CL:0002553
ENCSR765BSU	ENCSR353QCK	DNase-seq	FALSE	right kidney	GRCh38	Homo sapiens	female embryo (117 days)	tissue	UBERON:0004539
ENCSR116WWW	ENCSR354EJA	DNase-seq	FALSE	small intestine	GRCh38	Homo sapiens	female embryo (120 days)	tissue	UBERON:0002108
ENCSR425MRQ	ENCSR354ZSX	DNase-seq	TRUE	CD4-positive, alpha-beta T cell	GRCh38	Homo sapiens	male adult (37 years) treated with 7.5 μg/kg G-CSF for 4 days	primary cell	CL:0000624
ENCSR879XUH	ENCSR355GMV	DNase-seq	FALSE	dorsolateral prefrontal cortex	GRCh38	Homo sapiens	female adult (90 or above years)	tissue	UBERON:0009834
ENCSR849WGE	ENCSR355TZK	DNase-seq	FALSE	dorsolateral prefrontal cortex	GRCh38	Homo sapiens	male adult (84 years)	tissue	UBERON:0009834
ENCSR539WBA	ENCSR355YJZ	DNase-seq	FALSE	body of pancreas	GRCh38	Homo sapiens	male adult (37 years)	tissue	UBERON:0001150
ENCSR499ASS	ENCSR356JWZ	ATAC-seq	FALSE	PC-3	GRCh38	Homo sapiens		cell line	EFO:0002074
ENCSR822GDF	ENCSR356SEV	DNase-seq	FALSE	posterior cingulate gyrus	GRCh38	Homo sapiens	female adult (90 or above years)	tissue	UBERON:0002740
ENCSR063UNG	ENCSR357FCL	ATAC-seq	FALSE	HG03196	GRCh38	Homo sapiens		cell line	EFO:0010874
ENCSR251INE	ENCSR358NNZ	DNase-seq	FALSE	T-cell	GRCh38	Homo sapiens	female adult (24 years)	primary cell	CL:0000084
ENCSR854TTM	ENCSR360EPT	ATAC-seq	FALSE	natural killer cell	GRCh38	Homo sapiens	male adult (47 years) treated with 100 ng/mL Interleukin-12 subunit alpha for 72 hours, 100 ng/mL Interleukin-15 for 72 hours, 100 ng/mL Interleukin-12 subunit beta for 72 hours, 100 ng/mL Interleukin-18 for 72 hours	primary cell	CL:0000623
ENCSR036ELY	ENCSR361DCS	DNase-seq	FALSE	CD4-positive, alpha-beta T cell	GRCh38	Homo sapiens	male adult (42 years)	primary cell	CL:0000624
ENCSR410MFU	ENCSR361PFW	DNase-seq	FALSE	head of caudate nucleus	GRCh38	Homo sapiens	female adult (88 years) with mild cognitive impairment	tissue	UBERON:0002626
ENCSR635URJ	ENCSR361VKP	DNase-seq	FALSE	T-cell	GRCh38	Homo sapiens	female adult (25 years)	primary cell	CL:0000084
ENCSR080PZL	ENCSR362GHU	DNase-seq	FALSE	adrenal gland	GRCh38	Homo sapiens	male embryo (101 days)	tissue	UBERON:0002369
ENCSR339TVH	ENCSR362TQA	DNase-seq	FALSE	head of caudate nucleus	GRCh38	Homo sapiens	female adult (90 or above years) with mild cognitive impairment	tissue	UBERON:0002626
ENCSR946OIO	ENCSR363APK	DNase-seq	FALSE	spleen	GRCh38	Homo sapiens	female adult (59 years)	tissue	UBERON:0002106
ENCSR354FBA	ENCSR363VBV	DNase-seq	FALSE	small intestine	GRCh38	Homo sapiens	male embryo (115 days)	tissue	UBERON:0002108
ENCSR808HWS	ENCSR364XYG	ATAC-seq	FALSE	natural killer cell	GRCh38	Homo sapiens	female adult (41 years) treated with 100 ng/mL Interleukin-18 for 72 hours, 100 ng/mL Interleukin-12 subunit beta for 72 hours, 100 ng/mL Interleukin-15 for 72 hours, 100 ng/mL Interleukin-12 subunit alpha for 72 hours	primary cell	CL:0000623
ENCSR318PRQ	ENCSR365UQB	DNase-seq	FALSE	middle frontal gyrus	GRCh38	Homo sapiens	male adult (78 years)	tissue	UBERON:0002702
ENCSR480SNC	ENCSR365UQV	DNase-seq	FALSE	naive B cell	GRCh38	Homo sapiens	male adult (40 years)	primary cell	CL:0000788
ENCSR109RIQ	ENCSR369ZTD	DNase-seq	FALSE	glutamatergic neuron	GRCh38	Homo sapiens	male adult (53 years) male adult (53 years) nuclear fraction	in vitro differentiated cells	CL:0000679
ENCSR565DSD	ENCSR370PQR	ATAC-seq	FALSE	fallopian tube	GRCh38	Homo sapiens	female adult (61 years)	tissue	UBERON:0003889
ENCSR628PLS	ENCSR370TTM	ATAC-seq	FALSE	GM18861	GRCh38	Homo sapiens		cell line	CLO:0026256
ENCSR608KJD	ENCSR371COC	ATAC-seq	FALSE	HG03097	GRCh38	Homo sapiens		cell line	EFO:0010867
ENCSR241OBO	ENCSR371OUD	ATAC-seq	FALSE	adrenal gland	GRCh38	Homo sapiens	female adult (59 years)	tissue	UBERON:0002369
ENCSR691MQJ	ENCSR371QKA	DNase-seq	FALSE	EL	GRCh38	Homo sapiens		cell line	EFO:0007749
ENCSR274FZD	ENCSR371SHG	DNase-seq	FALSE	head of caudate nucleus	GRCh38	Homo sapiens	female adult (90 or above years) with Cognitive impairment, Alzheimer's disease	tissue	UBERON:0002626
ENCSR287GYT	ENCSR371VIN	DNase-seq	FALSE	stimulated activated CD4-positive, alpha-beta T cell	GRCh38	Homo sapiens	male adult (42 years) treated with anti-CD3 and anti-CD28 coated beads for 4 hours, 100 ng/mL TNF-alpha for 4 hours	primary cell	NTR:0000663
ENCSR407WGG	ENCSR373EGC	DNase-seq	FALSE	natural killer cell	GRCh38	Homo sapiens	female adult (41 years)	primary cell	CL:0000623
ENCSR135XMY	ENCSR374PWW	DNase-seq	FALSE	stimulated activated CD8-positive, alpha-beta memory T cell	GRCh38	Homo sapiens	female adult (33 years) treated with anti-CD3 and anti-CD28 coated beads for 4 hours, 100 ng/mL Interleukin-12 subunit alpha for 4 hours, 100 ng/mL Interleukin-12 subunit beta for 4 hours	primary cell	NTR:0000669
ENCSR628SXX	ENCSR375CWA	ATAC-seq	FALSE	dendritic cell	GRCh38	Homo sapiens	treated with 100 ng/mL lipopolysaccharide for 2 hours	in vitro differentiated cells	CL:0000451
ENCSR923JYH	ENCSR375EUQ	DNase-seq	FALSE	transverse colon	GRCh38	Homo sapiens	male adult (37 years)	tissue	UBERON:0001157
ENCSR794TLA	ENCSR375KAT	DNase-seq	FALSE	natural killer cell	GRCh38	Homo sapiens	female adult (41 years) treated with 100 ng/mL Interleukin-12 subunit alpha for 72 hours, 100 ng/mL Interleukin-15 for 72 hours, 100 ng/mL Interleukin-12 subunit beta for 72 hours, 100 ng/mL Interleukin-18 for 72 hours	primary cell	CL:0000623
ENCSR714DIF	ENCSR375YWK	DNase-seq	FALSE	mesendoderm	GRCh38	Homo sapiens	male embryo	in vitro differentiated cells	NTR:0000856
ENCSR945JJB	ENCSR376IJB	DNase-seq	FALSE	lung	GRCh38	Homo sapiens	female adult (47 years)	tissue	UBERON:0002048
ENCSR340MRJ	ENCSR376PZR	DNase-seq	FALSE	transverse colon	GRCh38	Homo sapiens	male adult (54 years)	tissue	UBERON:0001157
ENCSR380TXB	ENCSR376SQG	DNase-seq	FALSE	stimulated activated CD8-positive, alpha-beta memory T cell	GRCh38	Homo sapiens	female adult (33 years) treated with anti-CD3 and anti-CD28 coated beads for 24 hours, 100 ng/mL Interleukin-4 for 24 hours	primary cell	NTR:0000669
ENCSR883WDW	ENCSR377EST	DNase-seq	FALSE	CD4-positive, alpha-beta T cell	GRCh38	Homo sapiens	female adult (37 years) treated with Interleukin-6 for 4 hours	primary cell	CL:0000624
ENCSR060MJY	ENCSR377KWB	DNase-seq	FALSE	dorsolateral prefrontal cortex	GRCh38	Homo sapiens	female adult (90 or above years) with mild cognitive impairment	tissue	UBERON:0009834
ENCSR712PYJ	ENCSR377QSX	DNase-seq	FALSE	ovary	GRCh38	Homo sapiens	female adult (30 years)	tissue	UBERON:0000992
ENCSR234VLI	ENCSR377XPU	DNase-seq	FALSE	head of caudate nucleus	GRCh38	Homo sapiens	male adult (87 years)	tissue	UBERON:0002626
ENCSR011NJP	ENCSR379AWE	ATAC-seq	FALSE	GM18858	GRCh38	Homo sapiens		cell line	CLO:0026258
ENCSR455GUW	ENCSR379ZWN	DNase-seq	FALSE	Peyer's patch	GRCh38	Homo sapiens	male adult (54 years)	tissue	UBERON:0001211
ENCSR449HOQ	ENCSR380NKC	DNase-seq	FALSE	right hindlimb	GRCh38	Homo sapiens	male embryo (81 days)	tissue	UBERON:8300003
ENCSR327DCG	ENCSR380WHO	ATAC-seq	FALSE	heart right ventricle	GRCh38	Homo sapiens	male adult (46 years)	tissue	UBERON:0002080
ENCSR291GJU	ENCSR380YGX	ATAC-seq	FALSE	HepG2	GRCh38	Homo sapiens		cell line	EFO:0001187
ENCSR735NTV	ENCSR381GGK	DNase-seq	FALSE	heart left ventricle	GRCh38	Homo sapiens	male adult (54 years)	tissue	UBERON:0002084
ENCSR133OSO	ENCSR382VVU	DNase-seq	FALSE	activated CD4-positive, CD25-positive, alpha-beta regulatory T cell	GRCh38	Homo sapiens	male adult (38 years) treated with anti-CD3 and anti-CD28 coated beads for 16 hours, 50 U/mL Interleukin-2 for 16 hours	primary cell	NTR:0004148
ENCSR059IHA	ENCSR383KJB	ATAC-seq	FALSE	dendritic cell	GRCh38	Homo sapiens	treated with 100 ng/mL lipopolysaccharide for 30 minutes	in vitro differentiated cells	CL:0000451
ENCSR360XIS	ENCSR384XMQ	DNase-seq	FALSE	ecto neural progenitor cell	GRCh38	Homo sapiens	female embryo (5 days)	in vitro differentiated cells	NTR:0000474
ENCSR343MCI	ENCSR385FDN	DNase-seq	FALSE	activated T-cell	GRCh38	Homo sapiens	female adult (33 years) treated with anti-CD3 and anti-CD28 coated beads for 1 hour, 50 U/mL Interleukin-2 for 1 hour	primary cell	NTR:0000537
ENCSR420RVW	ENCSR385TLV	ATAC-seq	FALSE	HG02870	GRCh38	Homo sapiens		cell line	EFO:0010852
ENCSR420HOT	ENCSR387VOB	DNase-seq	FALSE	T-cell	GRCh38	Homo sapiens	male adult (38 years)	primary cell	CL:0000084
ENCSR895SEG	ENCSR388FHS	ATAC-seq	FALSE	upper lobe of left lung	GRCh38	Homo sapiens	male adult (60 years)	tissue	UBERON:0008952
ENCSR873ANE	ENCSR388LLM	DNase-seq	FALSE	kidney	GRCh38	Homo sapiens	female embryo (76 days) male embryo (76 days)	tissue	UBERON:0002113
ENCSR637XSC	ENCSR389HIH	ATAC-seq	FALSE	GM12878	GRCh38	Homo sapiens		cell line	EFO:0002784
ENCSR503BEM	ENCSR389YJP	DNase-seq	FALSE	LoVo	GRCh38	Homo sapiens		cell line	EFO:0006639
ENCSR757NJT	ENCSR390HOR	DNase-seq	FALSE	lower lobe of left lung	GRCh38	Homo sapiens	male adult (60 years)	tissue	UBERON:0008953
ENCSR493VDS	ENCSR390LSY	DNase-seq	FALSE	putamen	GRCh38	Homo sapiens	male adult (78 years)	tissue	UBERON:0001874
ENCSR805EGZ	ENCSR390RSF	DNase-seq	FALSE	heart left ventricle	GRCh38	Homo sapiens	female adult (56 years)	tissue	UBERON:0002084
ENCSR709QRD	ENCSR391QZM	ATAC-seq	FALSE	motor neuron	GRCh38	Homo sapiens	female adult with amyotrophic lateral sclerosis	in vitro differentiated cells	CL:0000100
ENCSR503HIB	ENCSR392HTQ	DNase-seq	FALSE	cerebellar cortex	GRCh38	Homo sapiens	male adult (84 years) male adult (78 years)	tissue	UBERON:0002129
ENCSR608AHQ	ENCSR393ODI	DNase-seq	FALSE	stomach	GRCh38	Homo sapiens	male embryo (127 days)	tissue	UBERON:0000945
ENCSR032RGS	ENCSR394KFZ	ATAC-seq	FALSE	A549	GRCh38	Homo sapiens		cell line	EFO:0001086
ENCSR016THC	ENCSR394XWN	DNase-seq	FALSE	left renal pelvis	GRCh38	Homo sapiens	male embryo (105 days)	tissue	UBERON:0018115
ENCSR000ENW	ENCSR396YBJ	DNase-seq	FALSE	fibroblast of mammary gland	GRCh38	Homo sapiens	female	primary cell	CL:0002555
ENCSR004SUL	ENCSR397BXY	DNase-seq	FALSE	GM23338	GRCh38	Homo sapiens		cell line	EFO:0007950
ENCSR831QMZ	ENCSR398EUE	DNase-seq	FALSE	placenta	GRCh38	Homo sapiens	female embryo	tissue	UBERON:0001987
ENCSR336QAO	ENCSR398VFI	DNase-seq	FALSE	CD4-positive, alpha-beta T cell	GRCh38	Homo sapiens	female adult (26 years) treated with Interferon gamma for 1 hour	primary cell	CL:0000624
ENCSR283TME	ENCSR399CMA	DNase-seq	FALSE	naive thymus-derived CD8-positive, alpha-beta T cell	GRCh38	Homo sapiens	male adult (30 years)	primary cell	CL:0000900
ENCSR562FNN	ENCSR399FII	DNase-seq	FALSE	liver	GRCh38	Homo sapiens	female embryo (113 days) female embryo (101 days)	tissue	UBERON:0002107
ENCSR798XLO	ENCSR399QPF	DNase-seq	FALSE	ovary	GRCh38	Homo sapiens	female adult (46 years)	tissue	UBERON:0000992
ENCSR000EPZ	ENCSR400FFA	DNase-seq	TRUE	SK-N-SH	GRCh38	Homo sapiens	treated with 6 μM all-trans-retinoic acid for 48 hours	cell line	EFO:0003072
ENCSR874CAK	ENCSR400GLH	DNase-seq	FALSE	large intestine	GRCh38	Homo sapiens	female embryo (108 days)	tissue	UBERON:0000059
ENCSR757EPJ	ENCSR400JGH	DNase-seq	FALSE	kidney	GRCh38	Homo sapiens	male embryo (85 days)	tissue	UBERON:0002113
ENCSR062SVK	ENCSR400SCB	ATAC-seq	FALSE	right atrium auricular region	GRCh38	Homo sapiens	female adult (51 years)	tissue	UBERON:0006631
ENCSR572LDG	ENCSR403LFF	DNase-seq	FALSE	brain	GRCh38	Homo sapiens	male embryo (101 days)	tissue	UBERON:0000955
ENCSR541UPY	ENCSR403QRF	DNase-seq	FALSE	thymus	GRCh38	Homo sapiens	female embryo (98 days)	tissue	UBERON:0002370
ENCSR533WFB	ENCSR404ICA	ATAC-seq	FALSE	sciatic nerve	GRCh38	Homo sapiens	female adult (41 years)	tissue	UBERON:0001322
ENCSR022UVL	ENCSR405IYL	DNase-seq	FALSE	dorsolateral prefrontal cortex	GRCh38	Homo sapiens	female adult (90 or above years) with mild cognitive impairment	tissue	UBERON:0009834
ENCSR000EOM	ENCSR405OPV	DNase-seq	FALSE	glomerular endothelial cell	GRCh38	Homo sapiens		primary cell	CL:0002188
ENCSR361DND	ENCSR405UQT	DNase-seq	FALSE	lower leg skin	GRCh38	Homo sapiens	male adult (37 years)	tissue	UBERON:0004264
ENCSR477YSU	ENCSR405VMI	ATAC-seq	FALSE	activated naive CD8-positive, alpha-beta T cell	GRCh38	Homo sapiens	male adult (42 years) treated with anti-CD3 and anti-CD28 coated beads for 24 hours, 50 U/mL Interleukin-2 for 24 hours	primary cell	NTR:0000502
ENCSR607HIL	ENCSR406JJY	DNase-seq	FALSE	stimulated activated CD4-positive, alpha-beta T cell	GRCh38	Homo sapiens	female adult (33 years) treated with anti-CD3 and anti-CD28 coated beads for 48 hours, 100 ng/mL Interleukin-2 for 48 hours	primary cell	NTR:0000663
ENCSR037PGI	ENCSR409AOK	DNase-seq	FALSE	RCC 7860	GRCh38	Homo sapiens		cell line	EFO:0005707
ENCSR224IYD	ENCSR409CJJ	DNase-seq	FALSE	medulla oblongata	GRCh38	Homo sapiens	male adult (84 years) male adult (78 years)	tissue	UBERON:0001896
ENCSR106OKX	ENCSR409SRV	DNase-seq	FALSE	kidney	GRCh38	Homo sapiens	female embryo (120 days)	tissue	UBERON:0002113
ENCSR000EQK	ENCSR409YWQ	DNase-seq	FALSE	CD4-positive, CD25-positive, alpha-beta regulatory T cell	GRCh38	Homo sapiens	male adult (28 years)	primary cell	CL:0000792
ENCSR387EYA	ENCSR410LHN	DNase-seq	FALSE	naive thymus-derived CD4-positive, alpha-beta T cell	GRCh38	Homo sapiens	male adult (43 years)	primary cell	CL:0000895
ENCSR208YDK	ENCSR411FRH	DNase-seq	FALSE	stimulated activated naive CD8-positive, alpha-beta T cell	GRCh38	Homo sapiens	male adult (33 years) treated with anti-CD3 and anti-CD28 coated beads for 72 hours, 100 ng/mL Interleukin-15 for 72 hours	primary cell	NTR:0000667
ENCSR846ZBX	ENCSR412FNW	ATAC-seq	FALSE	breast epithelium	GRCh38	Homo sapiens	female adult (51 years)	tissue	UBERON:0008367
ENCSR984HIY	ENCSR412RAW	DNase-seq	FALSE	CD8-positive, alpha-beta T cell	GRCh38	Homo sapiens	male adult (38 years)	primary cell	CL:0000625
ENCSR808ZMK	ENCSR413MSV	ATAC-seq	FALSE	pancreas	GRCh38	Homo sapiens	female adult (41 years)	tissue	UBERON:0001264
ENCSR848TMJ	ENCSR413PRR	ATAC-seq	FALSE	heart left ventricle	GRCh38	Homo sapiens	male adult (69 years)	tissue	UBERON:0002084
ENCSR491VXJ	ENCSR413TKV	ATAC-seq	FALSE	mucosa of descending colon	GRCh38	Homo sapiens	male adult (26 years)	tissue	UBERON:0004992
ENCSR124IMM	ENCSR413YAP	DNase-seq	FALSE	dorsolateral prefrontal cortex	GRCh38	Homo sapiens	female adult (90 or above years) with Alzheimer's disease	tissue	UBERON:0009834
ENCSR824DUE	ENCSR414LUN	ATAC-seq	FALSE	HG03378	GRCh38	Homo sapiens		cell line	EFO:0010878
ENCSR261SMF	ENCSR416KDN	DNase-seq	FALSE	iPS DF 6.9	GRCh38	Homo sapiens		cell line	EFO:0007098
ENCSR330LFP	ENCSR416SYF	DNase-seq	FALSE	posterior cingulate gyrus	GRCh38	Homo sapiens	female adult (82 years)	tissue	UBERON:0002740
ENCSR689FYA	ENCSR416VPY	DNase-seq	FALSE	placenta	GRCh38	Homo sapiens	male embryo	tissue	UBERON:0001987
ENCSR917BSW	ENCSR419IFZ	DNase-seq	FALSE	stimulated activated effector memory CD8-positive, alpha-beta T cell	GRCh38	Homo sapiens	male adult (36 years) treated with 100 ng/mL Interleukin-12 subunit alpha for 72 hours, anti-CD3 and anti-CD28 coated beads for 72 hours, 100 ng/mL Interleukin-12 subunit beta for 72 hours	primary cell	NTR:0000668
ENCSR297WRG	ENCSR419MGR	DNase-seq	FALSE	head of caudate nucleus	GRCh38	Homo sapiens	female adult (90 or above years)	tissue	UBERON:0002626
ENCSR000ENA	ENCSR420HYN	DNase-seq	FALSE	astrocyte of the hippocampus	GRCh38	Homo sapiens		primary cell	CL:0002604
ENCSR801VSK	ENCSR420JER	DNase-seq	FALSE	activated CD4-positive, alpha-beta T cell	GRCh38	Homo sapiens	female adult (37 years) treated with 100 ng/mL Interleukin-4 for 8 hours, 50 U/mL Interleukin-2 for 16 hours, anti-CD3 and anti-CD28 coated beads for 16 hours	primary cell	CL:0000896
ENCSR819GAF	ENCSR421KYK	DNase-seq	FALSE	dorsolateral prefrontal cortex	GRCh38	Homo sapiens	female adult (90 or above years) with mild cognitive impairment	tissue	UBERON:0009834
ENCSR524QPZ	ENCSR422CSI	DNase-seq	FALSE	head of caudate nucleus	GRCh38	Homo sapiens	female adult (78 years) with mild cognitive impairment	tissue	UBERON:0002626
ENCSR000ELW	ENCSR422EZD	DNase-seq	FALSE	A549	GRCh38	Homo sapiens		cell line	EFO:0001086
ENCSR493IQY	ENCSR422POB	DNase-seq	FALSE	activated CD4-positive, alpha-beta T cell	GRCh38	Homo sapiens	male adult (38 years) treated with anti-CD3 and anti-CD28 coated beads for 4 hours	primary cell	CL:0000896
ENCSR836FIL	ENCSR424OMB	ATAC-seq	FALSE	right lobe of liver	GRCh38	Homo sapiens	male adult (40 years)	tissue	UBERON:0001114
ENCSR880CUB	ENCSR425DRZ	DNase-seq	FALSE	dorsolateral prefrontal cortex	GRCh38	Homo sapiens	male adult (83 years)	tissue	UBERON:0009834
ENCSR362ZFC	ENCSR425HSD	DNase-seq	FALSE	type B pancreatic cell	GRCh38	Homo sapiens	female embryo (5 days)	in vitro differentiated cells	CL:0000169
ENCSR970UNF	ENCSR425JQH	ATAC-seq	FALSE	colonic mucosa	GRCh38	Homo sapiens	female adult (41 years)	tissue	UBERON:0000317
ENCSR940NLN	ENCSR425NGQ	DNase-seq	FALSE	PC-9	GRCh38	Homo sapiens		cell line	EFO:0002847
ENCSR119HXE	ENCSR425UKP	DNase-seq	FALSE	stomach	GRCh38	Homo sapiens	female embryo (105 days)	tissue	UBERON:0000945
ENCSR362JSZ	ENCSR426ANZ	DNase-seq	FALSE	hematopoietic multipotent progenitor cell	GRCh38	Homo sapiens	male adult (25 years) treated with interleukin-3 for 17 days, kit ligand for 17 days, hydrocortisone succinate for 17 days, erythropoietin for 17 days	in vitro differentiated cells	CL:0000837
ENCSR390SLL	ENCSR426WAU	ATAC-seq	FALSE	left cardiac atrium	GRCh38	Homo sapiens	female adult (42 years)	tissue	UBERON:0002079
ENCSR123WME	ENCSR427BPQ	ATAC-seq	FALSE	HG02943	GRCh38	Homo sapiens		cell line	EFO:0010856
ENCSR730IHD	ENCSR427IHY	DNase-seq	FALSE	posterior cingulate gyrus	GRCh38	Homo sapiens	female adult (90 or above years) with Alzheimer's disease	tissue	UBERON:0002740
ENCSR849OKE	ENCSR428GNJ	DNase-seq	FALSE	renal cortex interstitium	GRCh38	Homo sapiens	male embryo (127 days)	tissue	UBERON:0005270
ENCSR140KPO	ENCSR428ISQ	DNase-seq	FALSE	T-cell	GRCh38	Homo sapiens	female adult (33 years)	primary cell	CL:0000084
ENCSR283MZJ	ENCSR428RDY	DNase-seq	FALSE	T-cell	GRCh38	Homo sapiens	female adult (33 years)	primary cell	CL:0000084
ENCSR276ITP	ENCSR428VXG	DNase-seq	FALSE	sigmoid colon	GRCh38	Homo sapiens	female adult (53 years)	tissue	UBERON:0001159
ENCSR245AXW	ENCSR428ZDH	DNase-seq	FALSE	stimulated activated CD4-positive, alpha-beta T cell	GRCh38	Homo sapiens	male adult (42 years) treated with anti-CD3 and anti-CD28 coated beads for 24 hours, 100 ng/mL Interleukin-2 for 24 hours	primary cell	NTR:0000663
ENCSR999NKW	ENCSR429DQO	ATAC-seq	FALSE	prostate gland	GRCh38	Homo sapiens	male adult (54 years)	tissue	UBERON:0002367
ENCSR299LSN	ENCSR429GFB	ATAC-seq	FALSE	T-cell	GRCh38	Homo sapiens	male adult (42 years)	primary cell	CL:0000084
ENCSR604FER	ENCSR429MAD	DNase-seq	FALSE	activated CD4-positive, alpha-beta T cell	GRCh38	Homo sapiens	male adult (38 years) treated with anti-CD3 and anti-CD28 coated beads for 48 hours	primary cell	CL:0000896
ENCSR702DPD	ENCSR429NWR	DNase-seq	FALSE	upper lobe of left lung	GRCh38	Homo sapiens	female adult (53 years)	tissue	UBERON:0008952
ENCSR032MEH	ENCSR429ZUZ	ATAC-seq	FALSE	T-cell	GRCh38	Homo sapiens	male adult (43 years)	primary cell	CL:0000084
ENCSR504KZE	ENCSR430JNN	DNase-seq	FALSE	lung	GRCh38	Homo sapiens	embryo (67 days)	tissue	UBERON:0002048
ENCSR092OFK	ENCSR430OJL	DNase-seq	FALSE	skin of body	GRCh38	Homo sapiens	female embryo (82 days)	tissue	UBERON:0002097
ENCSR000EMS	ENCSR430QYB	DNase-seq	FALSE	GM12865	GRCh38	Homo sapiens		cell line	EFO:0005338
ENCSR769OIG	ENCSR430VKQ	DNase-seq	FALSE	CD4-positive, alpha-beta T cell	GRCh38	Homo sapiens	male adult (38 years)	primary cell	CL:0000624
ENCSR661AMM	ENCSR430WUE	DNase-seq	FALSE	dorsolateral prefrontal cortex	GRCh38	Homo sapiens	female adult (83 years)	tissue	UBERON:0009834
ENCSR060BFU	ENCSR430YSE	DNase-seq	FALSE	adrenal gland	GRCh38	Homo sapiens	embryo (96 days)	tissue	UBERON:0002369
ENCSR219KTW	ENCSR431GRV	DNase-seq	FALSE	activated T-cell	GRCh38	Homo sapiens	male adult (38 years) treated with anti-CD3 and anti-CD28 coated beads for 48 hours	primary cell	NTR:0000537
ENCSR672EWY	ENCSR431UBV	DNase-seq	FALSE	HFFc6	GRCh38	Homo sapiens		cell line	EFO:0009318
ENCSR489NAM	ENCSR431YCA	DNase-seq	FALSE	OCI-LY7	GRCh38	Homo sapiens		cell line	EFO:0006711
ENCSR255OGF	ENCSR433NVE	DNase-seq	FALSE	stimulated activated CD4-positive, alpha-beta T cell	GRCh38	Homo sapiens	male adult (38 years) treated with anti-CD3 and anti-CD28 coated beads for 1 hour, 100 ng/mL Interleukin-4 for 1 hour	primary cell	NTR:0000663
ENCSR679EFH	ENCSR434QWM	DNase-seq	FALSE	activated CD4-positive, alpha-beta T cell	GRCh38	Homo sapiens	female adult (33 years) treated with anti-CD3 and anti-CD28 coated beads for 24 hours	primary cell	CL:0000896
ENCSR821QHC	ENCSR435SFV	ATAC-seq	FALSE	HG02642	GRCh38	Homo sapiens		cell line	EFO:0010845
ENCSR440QMR	ENCSR436DKQ	DNase-seq	FALSE	iPS DF 19.7	GRCh38	Homo sapiens		cell line	EFO:0007095
ENCSR698CUE	ENCSR436KLL	DNase-seq	FALSE	muscle of back	GRCh38	Homo sapiens	male embryo (96 days)	tissue	UBERON:0002324
ENCSR690CVL	ENCSR436PSQ	DNase-seq	FALSE	posterior cingulate gyrus	GRCh38	Homo sapiens	female adult (90 or above years) with Alzheimer's disease	tissue	UBERON:0002740
ENCSR517NHP	ENCSR439BOP	DNase-seq	FALSE	muscle of arm	GRCh38	Homo sapiens	female embryo (105 days)	tissue	UBERON:0001499
ENCSR059ETS	ENCSR439IID	DNase-seq	FALSE	posterior cingulate gyrus	GRCh38	Homo sapiens	female adult (85 years)	tissue	UBERON:0002740
ENCSR507GFJ	ENCSR439LTF	DNase-seq	FALSE	brain	GRCh38	Homo sapiens	embryo (80 days)	tissue	UBERON:0000955
ENCSR154NYM	ENCSR439RLE	DNase-seq	FALSE	stimulated activated naive CD8-positive, alpha-beta T cell	GRCh38	Homo sapiens	male adult (36 years) treated with anti-CD3 and anti-CD28 coated beads for 72 hours, 100 ng/mL Interleukin-15 for 72 hours	primary cell	NTR:0000667
ENCSR354SDH	ENCSR440BZZ	DNase-seq	FALSE	T-cell	GRCh38	Homo sapiens	female adult (33 years)	primary cell	CL:0000084
ENCSR784GVR	ENCSR440TNT	DNase-seq	FALSE	posterior cingulate gyrus	GRCh38	Homo sapiens	female adult (90 or above years) with mild cognitive impairment	tissue	UBERON:0002740
ENCSR415LEB	ENCSR441VJW	ATAC-seq	FALSE	jejunum	GRCh38	Homo sapiens	female adult (59 years)	tissue	UBERON:0002115
ENCSR000EMJ	ENCSR442QCU	DNase-seq	FALSE	B cell	GRCh38	Homo sapiens	female adult (43 years)	primary cell	CL:0000236
ENCSR627NIF	ENCSR443LVM	DNase-seq	FALSE	lung	GRCh38	Homo sapiens	male embryo (54 days) male embryo (58 days)	tissue	UBERON:0002048
ENCSR703AYZ	ENCSR444BKO	DNase-seq	FALSE	stimulated activated CD4-positive, alpha-beta T cell	GRCh38	Homo sapiens	male adult (42 years) treated with anti-CD3 and anti-CD28 coated beads for 24 hours, 100 ng/mL Interleukin-4 for 24 hours	primary cell	NTR:0000663
ENCSR946MAI	ENCSR446PUF	ATAC-seq	FALSE	left ventricle myocardium inferior	GRCh38	Homo sapiens	male adult (60 years)	tissue	NTR:0000493
ENCSR224FOA	ENCSR446RRY	DNase-seq	FALSE	islet precursor cell	GRCh38	Homo sapiens	female embryo (5 days)	in vitro differentiated cells	NTR:0001484
ENCSR051CYH	ENCSR446UCG	DNase-seq	FALSE	T-cell	GRCh38	Homo sapiens	male adult (42 years)	primary cell	CL:0000084
ENCSR544YXV	ENCSR447FVJ	ATAC-seq	FALSE	dendritic cell	GRCh38	Homo sapiens	treated with 100 ng/mL lipopolysaccharide for 1 hour	in vitro differentiated cells	CL:0000451
ENCSR813CKU	ENCSR447YGC	DNase-seq	FALSE	urinary bladder	GRCh38	Homo sapiens	male embryo (76 days)	tissue	UBERON:0001255
ENCSR715TMH	ENCSR448PBW	DNase-seq	FALSE	T-cell	GRCh38	Homo sapiens	female adult (32 years)	primary cell	CL:0000084
ENCSR000ENC	ENCSR448SEA	DNase-seq	FALSE	astrocyte of the cerebellum	GRCh38	Homo sapiens		primary cell	CL:0002603
ENCSR949JYS	ENCSR451NQD	DNase-seq	FALSE	muscle of arm	GRCh38	Homo sapiens	male embryo (105 days)	tissue	UBERON:0001499
ENCSR000EPL	ENCSR451VFP	DNase-seq	FALSE	NB4	GRCh38	Homo sapiens		cell line	EFO:0002798
ENCSR887BNC	ENCSR452KFX	DNase-seq	FALSE	right renal cortex interstitium	GRCh38	Homo sapiens	male embryo (120 days)	tissue	UBERON:0018118
ENCSR678PDD	ENCSR452MYL	DNase-seq	FALSE	spinal cord	GRCh38	Homo sapiens	female embryo (113 days)	tissue	UBERON:0002240
ENCSR653VSR	ENCSR453AQL	ATAC-seq	FALSE	stimulated activated naive B cell	GRCh38	Homo sapiens	female adult (39 years) treated with 1 μg/mL anti-CD40 for 72 hours, 10 μg/mL anti-IgM for 72 hours, 100 ng/mL Interleukin-4 for 72 hours	primary cell	NTR:0000661
ENCSR775SYU	ENCSR456GSD	ATAC-seq	FALSE	uterus	GRCh38	Homo sapiens	female adult (59 years)	tissue	UBERON:0000995
ENCSR000EQM	ENCSR456VRU	DNase-seq	TRUE	WI38	GRCh38	Homo sapiens	treated with 20.0 nM afimoxifene for 72.0 hours stably expressing RAF1	cell line	EFO:0001260
ENCSR346JWH	ENCSR457MEO	DNase-seq	FALSE	A673	GRCh38	Homo sapiens		cell line	EFO:0002106
ENCSR483HUW	ENCSR459DVB	DNase-seq	FALSE	head of caudate nucleus	GRCh38	Homo sapiens	female adult (90 or above years) with Alzheimer's disease	tissue	UBERON:0002626
ENCSR487SOP	ENCSR459IBO	ATAC-seq	FALSE	HG03064	GRCh38	Homo sapiens		cell line	EFO:0010864
ENCSR000EOS	ENCSR460RDN	DNase-seq	FALSE	Jurkat, Clone E6-1	GRCh38	Homo sapiens		cell line	CLO:0007045
ENCSR762YFD	ENCSR461KSW	ATAC-seq	FALSE	GM18520	GRCh38	Homo sapiens		cell line	CLO:0024898
ENCSR355WAJ	ENCSR462CFV	DNase-seq	FALSE	left ventricle myocardium superior	GRCh38	Homo sapiens	male adult (60 years)	tissue	NTR:0000494
ENCSR619LHF	ENCSR463ATK	ATAC-seq	FALSE	sciatic nerve	GRCh38	Homo sapiens	female adult (47 years)	tissue	UBERON:0001322
ENCSR584LUZ	ENCSR463EBH	DNase-seq	FALSE	Ammon's horn	GRCh38	Homo sapiens	male adult (84 years)	tissue	UBERON:0001954
ENCSR242QRV	ENCSR463FHI	ATAC-seq	FALSE	upper lobe of left lung	GRCh38	Homo sapiens	female adult (61 years)	tissue	UBERON:0008952
ENCSR000EQL	ENCSR466RMK	DNase-seq	FALSE	WERI-Rb-1	GRCh38	Homo sapiens		cell line	EFO:0005715
ENCSR761TKU	ENCSR466YQP	ATAC-seq	FALSE	transverse colon	GRCh38	Homo sapiens	male adult (54 years)	tissue	UBERON:0001157
ENCSR438TWI	ENCSR467GZH	DNase-seq	FALSE	muscle of back	GRCh38	Homo sapiens	male embryo (96 days)	tissue	UBERON:0002324
ENCSR868FGK	ENCSR467RSV	ATAC-seq	FALSE	K562	GRCh38	Homo sapiens		cell line	EFO:0002067
ENCSR128GBN	ENCSR468RFG	DNase-seq	FALSE	spleen	GRCh38	Homo sapiens	female adult (53 years)	tissue	UBERON:0002106
ENCSR627KFV	ENCSR468TMI	DNase-seq	FALSE	stomach	GRCh38	Homo sapiens	female embryo (110 days)	tissue	UBERON:0000945
ENCSR334MDJ	ENCSR470GQU	DNase-seq	FALSE	head of caudate nucleus	GRCh38	Homo sapiens	female adult (89 years) with mild cognitive impairment	tissue	UBERON:0002626
ENCSR749MUH	ENCSR470UFS	DNase-seq	FALSE	thyroid gland	GRCh38	Homo sapiens	male adult (37 years)	tissue	UBERON:0002046
ENCSR127PWK	ENCSR471AVR	DNase-seq	FALSE	eye	GRCh38	Homo sapiens	female embryo (76 days)	tissue	UBERON:0000970
ENCSR581RSO	ENCSR471LVE	DNase-seq	FALSE	T-cell	GRCh38	Homo sapiens	male adult (34 years)	primary cell	CL:0000084
ENCSR814DYF	ENCSR471RJZ	DNase-seq	FALSE	head of caudate nucleus	GRCh38	Homo sapiens	male adult (90 or above years) with mild cognitive impairment	tissue	UBERON:0002626
ENCSR056PFI	ENCSR473DPG	DNase-seq	FALSE	pancreas	GRCh38	Homo sapiens	male adult (26 years)	tissue	UBERON:0001264
ENCSR000EMR	ENCSR473GBP	DNase-seq	FALSE	GM12864	GRCh38	Homo sapiens		cell line	EFO:0005337
ENCSR522FGI	ENCSR473RMF	ATAC-seq	FALSE	heart right ventricle	GRCh38	Homo sapiens	male adult (43 years)	tissue	UBERON:0002080
ENCSR452RAX	ENCSR473ZKP	DNase-seq	FALSE	CD4-positive, alpha-beta T cell	GRCh38	Homo sapiens	female adult (37 years) treated with 100 ng/mL Interleukin-6 for 8 hours	primary cell	CL:0000624
ENCSR729DRB	ENCSR475FVE	DNase-seq	FALSE	testis	GRCh38	Homo sapiens	male embryo	tissue	UBERON:0000473
ENCSR608NWP	ENCSR475GDI	DNase-seq	FALSE	right lobe of liver	GRCh38	Homo sapiens	female child (16 years)	tissue	UBERON:0001114
ENCSR239XNU	ENCSR475ZXC	DNase-seq	FALSE	CD4-positive, alpha-beta memory T cell	GRCh38	Homo sapiens	male adult (43 years)	primary cell	CL:0000897
ENCSR935HEI	ENCSR476LJY	DNase-seq	FALSE	activated CD4-positive, alpha-beta T cell	GRCh38	Homo sapiens	male adult (20 years) treated with anti-CD3 and anti-CD28 coated beads for 36 hours	primary cell	CL:0000896
ENCSR785MXI	ENCSR476OZB	DNase-seq	FALSE	dorsolateral prefrontal cortex	GRCh38	Homo sapiens	female adult (88 years) with mild cognitive impairment	tissue	UBERON:0009834
ENCSR312ZTS	ENCSR478IVZ	DNase-seq	FALSE	activated CD4-positive, alpha-beta T cell	GRCh38	Homo sapiens	male adult (38 years) treated with anti-CD3 and anti-CD28 coated beads for 4 hours	primary cell	CL:0000896
ENCSR172PVJ	ENCSR478OOS	DNase-seq	FALSE	stomach	GRCh38	Homo sapiens	male embryo (91 days)	tissue	UBERON:0000945
ENCSR685OFR	ENCSR479HKQ	ATAC-seq	FALSE	naive B cell	GRCh38	Homo sapiens	female adult (39 years)	primary cell	CL:0000788
ENCSR774RCO	ENCSR480JMB	DNase-seq	FALSE	kidney	GRCh38	Homo sapiens	female embryo (105 days)	tissue	UBERON:0002113
ENCSR121ZSL	ENCSR480QYT	DNase-seq	FALSE	trophoblast cell	GRCh38	Homo sapiens	embryo (21 weeks)	primary cell	CL:0000351
ENCSR006IJP	ENCSR481HGO	DNase-seq	FALSE	lung	GRCh38	Homo sapiens	embryo (112 days)	tissue	UBERON:0002048
ENCSR867XFA	ENCSR482CSE	DNase-seq	FALSE	left colon	GRCh38	Homo sapiens	female adult (59 years)	tissue	UBERON:0008971
ENCSR444VTC	ENCSR482OFD	DNase-seq	FALSE	large intestine	GRCh38	Homo sapiens	female embryo (105 days)	tissue	UBERON:0000059
ENCSR163BSC	ENCSR484FNH	DNase-seq	FALSE	head of caudate nucleus	GRCh38	Homo sapiens	female adult (90 or above years) with mild cognitive impairment	tissue	UBERON:0002626
ENCSR000EQH	ENCSR486TDW	DNase-seq	FALSE	T-helper 2 cell	GRCh38	Homo sapiens	female adult (26 years)	primary cell	CL:0000546
ENCSR400MOP	ENCSR486XFF	DNase-seq	FALSE	head of caudate nucleus	GRCh38	Homo sapiens	male adult (90 or above years) with Alzheimer's disease	tissue	UBERON:0002626
ENCSR240TPI	ENCSR487CXD	DNase-seq	FALSE	ELR	GRCh38	Homo sapiens		cell line	EFO:0007750
ENCSR437OOJ	ENCSR487NMI	ATAC-seq	FALSE	heart right ventricle	GRCh38	Homo sapiens	female adult (59 years)	tissue	UBERON:0002080
ENCSR986YWZ	ENCSR487SME	DNase-seq	FALSE	inferior parietal cortex	GRCh38	Homo sapiens	male adult (84 years)	tissue	UBERON:0006088
ENCSR159GFS	ENCSR490DKY	ATAC-seq	FALSE	CD4-positive, CD25-positive, alpha-beta regulatory T cell	GRCh38	Homo sapiens	male adult (42 years)	primary cell	CL:0000792
ENCSR111WTE	ENCSR490GMC	DNase-seq	FALSE	CD4-positive, alpha-beta T cell	GRCh38	Homo sapiens	female adult (26 years) treated with Interferon alpha-2 for 1 hour	primary cell	CL:0000624
ENCSR257BGZ	ENCSR490SYH	DNase-seq	FALSE	ACHN	GRCh38	Homo sapiens		cell line	EFO:0002108
ENCSR232NLA	ENCSR490VKT	DNase-seq	FALSE	naive thymus-derived CD4-positive, alpha-beta T cell	GRCh38	Homo sapiens	male adult (35 years)	primary cell	CL:0000895
ENCSR373TDL	ENCSR492VQG	ATAC-seq	FALSE	right lobe of liver	GRCh38	Homo sapiens	female adult (53 years)	tissue	UBERON:0001114
ENCSR090IDV	ENCSR492YAV	DNase-seq	FALSE	tibial artery	GRCh38	Homo sapiens	male adult (54 years)	tissue	UBERON:0007610
ENCSR662RIZ	ENCSR493ORC	DNase-seq	FALSE	H9	GRCh38	Homo sapiens		cell line	EFO:0003045
ENCSR637ZLM	ENCSR493SMX	DNase-seq	FALSE	head of caudate nucleus	GRCh38	Homo sapiens	female adult (90 or above years)	tissue	UBERON:0002626
ENCSR011SAG	ENCSR493ZPF	DNase-seq	FALSE	mucosa of gallbladder	GRCh38	Homo sapiens	female child (16 years)	tissue	UBERON:0005033
ENCSR723JLG	ENCSR494GOI	DNase-seq	FALSE	natural killer cell	GRCh38	Homo sapiens	female adult (34 years)	primary cell	CL:0000623
ENCSR459AYS	ENCSR494NGO	ATAC-seq	FALSE	dendritic cell	GRCh38	Homo sapiens	treated with 100 ng/mL lipopolysaccharide for 2 hours	in vitro differentiated cells	CL:0000451
ENCSR817ALC	ENCSR496IHH	DNase-seq	FALSE	mammary epithelial cell	GRCh38	Homo sapiens	female adult (19 years)	primary cell	CL:0002327
ENCSR888UPQ	ENCSR496YMQ	DNase-seq	FALSE	thymus	GRCh38	Homo sapiens	male embryo (108 days)	tissue	UBERON:0002370
ENCSR163PKT	ENCSR498QRZ	DNase-seq	FALSE	stomach	GRCh38	Homo sapiens	male adult (54 years)	tissue	UBERON:0000945
ENCSR000ENV	ENCSR499STU	DNase-seq	FALSE	mammary epithelial cell	GRCh38	Homo sapiens	female	primary cell	CL:0002327
ENCSR809LCE	ENCSR499THI	DNase-seq	FALSE	trophoblast cell	GRCh38	Homo sapiens	embryo (23 weeks)	primary cell	CL:0000351
ENCSR000EOE	ENCSR501LUY	DNase-seq	FALSE	lung microvascular endothelial cell	GRCh38	Homo sapiens	female	primary cell	CL:2000016
ENCSR097AMI	ENCSR503WCY	DNase-seq	FALSE	CD8-positive, alpha-beta T cell	GRCh38	Homo sapiens	female adult (33 years)	primary cell	CL:0000625
ENCSR000FFJ	ENCSR504BSY	DNase-seq	FALSE	SJCRH30	GRCh38	Homo sapiens		cell line	EFO:0005722
ENCSR122NRV	ENCSR504GBE	DNase-seq	FALSE	head of caudate nucleus	GRCh38	Homo sapiens	female adult (78 years)	tissue	UBERON:0002626
ENCSR154UWN	ENCSR504WYI	ATAC-seq	FALSE	psoas muscle	GRCh38	Homo sapiens	female child (16 years)	tissue	UBERON:0008450
ENCSR134OSR	ENCSR505PUV	ATAC-seq	FALSE	GM19438	GRCh38	Homo sapiens		cell line	CLO:0026824
ENCSR113DHB	ENCSR505WFL	DNase-seq	FALSE	head of caudate nucleus	GRCh38	Homo sapiens	female adult (90 or above years) with mild cognitive impairment	tissue	UBERON:0002626
ENCSR389BWT	ENCSR506RGL	DNase-seq	FALSE	CD4-positive, alpha-beta T cell	GRCh38	Homo sapiens	female adult (33 years)	primary cell	CL:0000624
ENCSR467MSP	ENCSR507ABN	DNase-seq	FALSE	T-cell	GRCh38	Homo sapiens	female adult (23 years)	primary cell	CL:0000084
ENCSR948MQC	ENCSR507JRS	ATAC-seq	FALSE	lower lobe of right lung	GRCh38	Homo sapiens	female adult (65 years)	tissue	UBERON:0002171
ENCSR858GTE	ENCSR509OSN	ATAC-seq	FALSE	HG03442	GRCh38	Homo sapiens		cell line	EFO:0010881
ENCSR763AKE	ENCSR511HYE	DNase-seq	FALSE	transverse colon	GRCh38	Homo sapiens	female adult (53 years)	tissue	UBERON:0001157
ENCSR515CDW	ENCSR512UQA	ATAC-seq	FALSE	body of pancreas	GRCh38	Homo sapiens	female adult (53 years)	tissue	UBERON:0001150
ENCSR832XVZ	ENCSR514NIZ	DNase-seq	FALSE	dorsolateral prefrontal cortex	GRCh38	Homo sapiens	female adult (86 years) with Alzheimer's disease	tissue	UBERON:0009834
ENCSR895KTN	ENCSR516FBL	DNase-seq	FALSE	HAP-1	GRCh38	Homo sapiens		cell line	EFO:0007598
ENCSR184LMY	ENCSR517LPY	DNase-seq	FALSE	fibroblast of skin of back	GRCh38	Homo sapiens	male embryo (97 days)	primary cell	CL:0011022
ENCSR417LPB	ENCSR518EHF	DNase-seq	FALSE	head of caudate nucleus	GRCh38	Homo sapiens	female adult (90 or above years) with Cognitive impairment	tissue	UBERON:0002626
ENCSR331JFZ	ENCSR519GLH	ATAC-seq	FALSE	HG03575	GRCh38	Homo sapiens		cell line	EFO:0010890
ENCSR496UJY	ENCSR519YRN	DNase-seq	FALSE	head of caudate nucleus	GRCh38	Homo sapiens	female adult (90 or above years) with mild cognitive impairment	tissue	UBERON:0002626
ENCSR238VHV	ENCSR520YSU	ATAC-seq	FALSE	fallopian tube	GRCh38	Homo sapiens	female adult (46 years)	tissue	UBERON:0003889
ENCSR718HWW	ENCSR522GVK	ATAC-seq	FALSE	activated CD8-positive, alpha-beta T cell	GRCh38	Homo sapiens	male adult (21 years) treated with anti-CD3 and anti-CD28 coated beads for 36 hours	primary cell	CL:0000906
ENCSR000EOP	ENCSR523GUI	DNase-seq	FALSE	myotube	GRCh38	Homo sapiens		in vitro differentiated cells	CL:0002372
ENCSR225FZH	ENCSR523OKV	ATAC-seq	FALSE	heart left ventricle	GRCh38	Homo sapiens	male adult (55 years)	tissue	UBERON:0002084
ENCSR276MDV	ENCSR525CNU	DNase-seq	FALSE	head of caudate nucleus	GRCh38	Homo sapiens	male adult (87 years)	tissue	UBERON:0002626
ENCSR731KDL	ENCSR526ELA	DNase-seq	FALSE	T-helper 17 cell	GRCh38	Homo sapiens	male adult (48 years)	primary cell	CL:0000899
ENCSR566HLQ	ENCSR526HXL	DNase-seq	FALSE	stimulated activated CD4-positive, alpha-beta T cell	GRCh38	Homo sapiens	female adult (33 years) treated with anti-CD3 and anti-CD28 coated beads for 24 hours, 100 ng/mL Interleukin-23 for 24 hours, 100 ng/mL Interleukin-1b for 24 hours	primary cell	NTR:0000663
ENCSR761ZFA	ENCSR530GKW	DNase-seq	FALSE	right renal pelvis	GRCh38	Homo sapiens	male embryo (105 days)	tissue	UBERON:0018116
ENCSR102RSU	ENCSR530QPE	DNase-seq	FALSE	tibial artery	GRCh38	Homo sapiens	male adult (37 years)	tissue	UBERON:0007610
ENCSR082PDJ	ENCSR530WDD	DNase-seq	FALSE	psoas muscle	GRCh38	Homo sapiens	female child (16 years)	tissue	UBERON:0008450
ENCSR513EVP	ENCSR531ENM	ATAC-seq	FALSE	naive thymus-derived CD8-positive, alpha-beta T cell	GRCh38	Homo sapiens	male adult (42 years)	primary cell	CL:0000900
ENCSR000EMA	ENCSR532BKE	DNase-seq	FALSE	AG09319	GRCh38	Homo sapiens		cell line	CLO:0021754
ENCSR330WUK	ENCSR533NOY	ATAC-seq	FALSE	left cardiac atrium	GRCh38	Homo sapiens	male adult (60 years)	tissue	UBERON:0002079
ENCSR635GDW	ENCSR534EAD	DNase-seq	FALSE	head of caudate nucleus	GRCh38	Homo sapiens	female adult (79 years)	tissue	UBERON:0002626
ENCSR762FCX	ENCSR534WZW	DNase-seq	FALSE	large intestine	GRCh38	Homo sapiens	male embryo (91 days)	tissue	UBERON:0000059
ENCSR015BGH	ENCSR535UXH	DNase-seq	FALSE	caudate nucleus	GRCh38	Homo sapiens	male adult (78 years)	tissue	UBERON:0001873
ENCSR180HEL	ENCSR536GOE	ATAC-seq	FALSE	HG02678	GRCh38	Homo sapiens		cell line	EFO:0010846
ENCSR563CZB	ENCSR536OGN	DNase-seq	FALSE	posterior cingulate gyrus	GRCh38	Homo sapiens	female adult (90 or above years) with mild cognitive impairment	tissue	UBERON:0002740
ENCSR209ECO	ENCSR537KZP	DNase-seq	FALSE	dorsolateral prefrontal cortex	GRCh38	Homo sapiens	female adult (90 or above years)	tissue	UBERON:0009834
ENCSR254BCA	ENCSR538ZAV	DNase-seq	FALSE	CD8-positive, alpha-beta T cell	GRCh38	Homo sapiens	female adult (33 years)	primary cell	CL:0000625
ENCSR000ENS	ENCSR539QSE	DNase-seq	FALSE	fibroblast of gingiva	GRCh38	Homo sapiens		primary cell	CL:0002552
ENCSR215DXT	ENCSR541ABF	DNase-seq	FALSE	dorsolateral prefrontal cortex	GRCh38	Homo sapiens	female adult (90 or above years) with Cognitive impairment	tissue	UBERON:0009834
ENCSR553WJB	ENCSR541CYH	DNase-seq	FALSE	stimulated activated CD4-positive, alpha-beta T cell	GRCh38	Homo sapiens	male adult (38 years) treated with anti-CD3 and anti-CD28 coated beads for 24 hours, 100 ng/mL Interleukin-2 for 24 hours	primary cell	NTR:0000663
ENCSR889YWJ	ENCSR542AKO	DNase-seq	FALSE	stimulated activated CD8-positive, alpha-beta memory T cell	GRCh38	Homo sapiens	male adult (38 years) treated with anti-CD3 and anti-CD28 coated beads for 48 hours, 100 ng/mL Interleukin-15 for 48 hours	primary cell	NTR:0000669
ENCSR392UJM	ENCSR543CFL	ATAC-seq	FALSE	ovary	GRCh38	Homo sapiens	female adult (61 years)	tissue	UBERON:0000992
ENCSR025BWH	ENCSR543PFF	DNase-seq	FALSE	CD8-positive, alpha-beta memory T cell	GRCh38	Homo sapiens	male adult (24 years)	primary cell	CL:0000909
ENCSR082JCE	ENCSR544DAU	DNase-seq	FALSE	kidney	GRCh38	Homo sapiens	female embryo (121 days)	tissue	UBERON:0002113
ENCSR937RVN	ENCSR544GNB	DNase-seq	FALSE	muscle of leg	GRCh38	Homo sapiens	male embryo (115 days)	tissue	UBERON:0001383
ENCSR872DUY	ENCSR544UHC	DNase-seq	FALSE	ovary	GRCh38	Homo sapiens	female adult (41 years)	tissue	UBERON:0000992
ENCSR503UFM	ENCSR545CXX	DNase-seq	FALSE	posterior cingulate gyrus	GRCh38	Homo sapiens	female adult (77 years)	tissue	UBERON:0002740
ENCSR653ZWW	ENCSR545REK	ATAC-seq	FALSE	bile duct	GRCh38	Homo sapiens	female adult (47 years)	tissue	UBERON:0002394
ENCSR382LBS	ENCSR546DOB	ATAC-seq	FALSE	NCI-H929	GRCh38	Homo sapiens		cell line	EFO:0001221
ENCSR792ZXA	ENCSR547BDK	DNase-seq	FALSE	kidney	GRCh38	Homo sapiens	embryo (59 days) female embryo (59 days)	tissue	UBERON:0002113
ENCSR414DVK	ENCSR547VLW	ATAC-seq	FALSE	adrenal gland	GRCh38	Homo sapiens	female adult (51 years)	tissue	UBERON:0002369
ENCSR831KAH	ENCSR547WXV	ATAC-seq	FALSE	tibial nerve	GRCh38	Homo sapiens	female adult (51 years)	tissue	UBERON:0001323
ENCSR814RGG	ENCSR548DKO	ATAC-seq	FALSE	ureter	GRCh38	Homo sapiens	female adult (47 years)	tissue	UBERON:0000056
ENCSR100OSB	ENCSR549FXP	DNase-seq	FALSE	activated naive CD4-positive, alpha-beta T cell	GRCh38	Homo sapiens	male adult (42 years) treated with 50 U/mL Interleukin-2 for 16 hours	primary cell	NTR:0000497
ENCSR000ELX	ENCSR550YQU	DNase-seq	FALSE	AG04449	GRCh38	Homo sapiens		cell line	CLO:0034837
ENCSR956ZHU	ENCSR551OOY	DNase-seq	FALSE	renal pelvis	GRCh38	Homo sapiens	male embryo (113 days)	tissue	UBERON:0001224
ENCSR368FYV	ENCSR551XEC	ATAC-seq	FALSE	HG02852	GRCh38	Homo sapiens		cell line	EFO:0010851
ENCSR000EMB	ENCSR552FQJ	DNase-seq	FALSE	AG10803	GRCh38	Homo sapiens		cell line	CLO:0021511
ENCSR359HFH	ENCSR553FAH	ATAC-seq	FALSE	HG03095	GRCh38	Homo sapiens		cell line	EFO:0010866
ENCSR057GPV	ENCSR553KHP	DNase-seq	FALSE	head of caudate nucleus	GRCh38	Homo sapiens	female adult (90 or above years) with mild cognitive impairment	tissue	UBERON:0002626
ENCSR237BOF	ENCSR554LKW	DNase-seq	FALSE	naive thymus-derived CD8-positive, alpha-beta T cell	GRCh38	Homo sapiens	male adult (30 years)	primary cell	CL:0000900
ENCSR815DWW	ENCSR556NMJ	DNase-seq	FALSE	T-cell	GRCh38	Homo sapiens	male adult (19 years)	primary cell	CL:0000084
ENCSR263IGU	ENCSR557PGT	DNase-seq	FALSE	right lung	GRCh38	Homo sapiens	female embryo (91 days)	tissue	UBERON:0002167
ENCSR408GYQ	ENCSR558IEO	DNase-seq	FALSE	CD4-positive, alpha-beta T cell	GRCh38	Homo sapiens	female adult (37 years) treated with Interleukin-17A for 4 hours	primary cell	CL:0000624
ENCSR558ZSN	ENCSR559GAM	ATAC-seq	FALSE	activated T-cell	GRCh38	Homo sapiens	female adult (21 years) treated with anti-CD3 and anti-CD28 coated beads for 72 hours, 50 U/mL Interleukin-2 for 72 hours	primary cell	NTR:0000537
ENCSR010TMX	ENCSR559GXZ	DNase-seq	FALSE	stimulated activated CD4-positive, alpha-beta T cell	GRCh38	Homo sapiens	male adult (42 years) treated with anti-CD3 and anti-CD28 coated beads for 48 hours, 100 ng/mL Interleukin-2 for 48 hours	primary cell	NTR:0000663
ENCSR991PBP	ENCSR559OBX	ATAC-seq	FALSE	activated CD4-positive, alpha-beta T cell	GRCh38	Homo sapiens	male adult (20 years) treated with anti-CD3 and anti-CD28 coated beads for 36 hours	primary cell	CL:0000896
ENCSR582QEW	ENCSR560YXB	DNase-seq	FALSE	effector memory CD4-positive, alpha-beta T cell	GRCh38	Homo sapiens	female adult (25 years)	primary cell	CL:0000905
ENCSR457JOG	ENCSR562WIA	DNase-seq	FALSE	activated CD4-positive, alpha-beta T cell	GRCh38	Homo sapiens	male adult (42 years) treated with anti-CD3 and anti-CD28 coated beads for 48 hours, 50 U/mL Interleukin-2 for 48 hours	primary cell	CL:0000896
ENCSR286WIA	ENCSR563QIN	DNase-seq	FALSE	muscle of leg	GRCh38	Homo sapiens	female embryo (105 days)	tissue	UBERON:0001383
ENCSR363LUK	ENCSR563YZV	DNase-seq	FALSE	CD4-positive, alpha-beta T cell	GRCh38	Homo sapiens	female adult (26 years) treated with Interleukin-15 for 1 hour	primary cell	CL:0000624
ENCSR516YAD	ENCSR564RRF	ATAC-seq	FALSE	motor neuron	GRCh38	Homo sapiens	male adult (47 years) with amyotrophic lateral sclerosis	in vitro differentiated cells	CL:0000100
ENCSR019XCN	ENCSR564YQY	ATAC-seq	FALSE	effector memory CD8-positive, alpha-beta T cell	GRCh38	Homo sapiens	male adult (36 years)	primary cell	CL:0000913
ENCSR930PDT	ENCSR566KYS	DNase-seq	FALSE	ovary	GRCh38	Homo sapiens	female adult (53 years)	tissue	UBERON:0000992
ENCSR214QEO	ENCSR568PUY	DNase-seq	FALSE	large intestine	GRCh38	Homo sapiens	female embryo (91 days)	tissue	UBERON:0000059
ENCSR628GQE	ENCSR571ZLT	DNase-seq	FALSE	posterior cingulate gyrus	GRCh38	Homo sapiens	female adult (88 years) with Alzheimer's disease	tissue	UBERON:0002740
ENCSR373NFA	ENCSR572FSB	ATAC-seq	FALSE	activated naive CD4-positive, alpha-beta T cell	GRCh38	Homo sapiens	male adult (50 years) treated with anti-CD3 and anti-CD28 coated beads for 72 hours, 50 U/mL Interleukin-2 for 72 hours	primary cell	NTR:0000497
ENCSR333BUP	ENCSR573HMQ	DNase-seq	FALSE	head of caudate nucleus	GRCh38	Homo sapiens	female adult (86 years) with Cognitive impairment	tissue	UBERON:0002626
ENCSR747RGR	ENCSR574LGV	DNase-seq	FALSE	T-helper 17 cell	GRCh38	Homo sapiens	male adult (24 years)	primary cell	CL:0000899
ENCSR654WXX	ENCSR574UUC	DNase-seq	FALSE	CD4-positive, alpha-beta T cell	GRCh38	Homo sapiens	female adult (33 years)	primary cell	CL:0000624
ENCSR320PGJ	ENCSR576EMK	DNase-seq	FALSE	heart	GRCh38	Homo sapiens	male embryo (105 days)	tissue	UBERON:0000948
ENCSR960KGO	ENCSR576OPE	ATAC-seq	FALSE	GM21515	GRCh38	Homo sapiens		cell line	EFO:0010838
ENCSR695AUY	ENCSR576XND	DNase-seq	FALSE	CD14-positive monocyte	GRCh38	Homo sapiens	female adult (34 years)	primary cell	CL:0001054
ENCSR214XJO	ENCSR577VHS	DNase-seq	FALSE	lung	GRCh38	Homo sapiens	female embryo (120 days)	tissue	UBERON:0002048
ENCSR315QWI	ENCSR578BCV	ATAC-seq	FALSE	GM21737	GRCh38	Homo sapiens		cell line	EFO:0010839
ENCSR164PQJ	ENCSR578KWO	DNase-seq	FALSE	thymus	GRCh38	Homo sapiens	male embryo (127 days)	tissue	UBERON:0002370
ENCSR979TCG	ENCSR579CGX	ATAC-seq	FALSE	spleen	GRCh38	Homo sapiens	female adult (47 years)	tissue	UBERON:0002106
ENCSR101QXF	ENCSR580EKH	DNase-seq	FALSE	suprapubic skin	GRCh38	Homo sapiens	female adult (53 years)	tissue	UBERON:0036149
ENCSR548KIL	ENCSR581CTF	ATAC-seq	FALSE	adrenal gland	GRCh38	Homo sapiens	male adult (37 years)	tissue	UBERON:0002369
ENCSR092SRS	ENCSR586AZX	ATAC-seq	FALSE	activated T-cell	GRCh38	Homo sapiens	male adult (42 years) treated with 50 U/mL Interleukin-2 for 4 hours, anti-CD3 and anti-CD28 coated beads for 4 hours	primary cell	NTR:0000537
ENCSR706GDQ	ENCSR586TXI	ATAC-seq	FALSE	GM19455	GRCh38	Homo sapiens		cell line	CLO:0026863
ENCSR442OAV	ENCSR586WFC	ATAC-seq	FALSE	GM18517	GRCh38	Homo sapiens		cell line	CLO:0024890
ENCSR803VCR	ENCSR587DJD	DNase-seq	FALSE	left lung	GRCh38	Homo sapiens	female embryo (91 days)	tissue	UBERON:0002168
ENCSR496PPU	ENCSR588VNU	ATAC-seq	FALSE	mucosa of descending colon	GRCh38	Homo sapiens	female adult (61 years)	tissue	UBERON:0004992
ENCSR696XSJ	ENCSR588WNH	DNase-seq	FALSE	adrenal gland	GRCh38	Homo sapiens	female embryo (113 days)	tissue	UBERON:0002369
ENCSR177GYC	ENCSR590AJW	DNase-seq	FALSE	stimulated activated CD8-positive, alpha-beta memory T cell	GRCh38	Homo sapiens	female adult (33 years) treated with anti-CD3 and anti-CD28 coated beads for 1 hour, 100 ng/mL Interleukin-2 for 1 hour	primary cell	NTR:0000669
ENCSR133KBX	ENCSR590MPP	DNase-seq	FALSE	small intestine	GRCh38	Homo sapiens	female embryo (107 days)	tissue	UBERON:0002108
ENCSR206OJJ	ENCSR591SYJ	DNase-seq	FALSE	kidney	GRCh38	Homo sapiens	female adult (47 years)	tissue	UBERON:0002113
ENCSR673ZMQ	ENCSR591YNV	ATAC-seq	FALSE	HG03025	GRCh38	Homo sapiens		cell line	EFO:0010860
ENCSR275LCF	ENCSR592QHK	ATAC-seq	FALSE	GM21786	GRCh38	Homo sapiens		cell line	EFO:0010840
ENCSR024BXN	ENCSR593KEP	DNase-seq	FALSE	head of caudate nucleus	GRCh38	Homo sapiens	female adult (82 years)	tissue	UBERON:0002626
ENCSR551LAH	ENCSR593OYE	DNase-seq	FALSE	stimulated activated CD4-positive, alpha-beta T cell	GRCh38	Homo sapiens	male adult (38 years) treated with anti-CD3 and anti-CD28 coated beads for 24 hours, 100 ng/mL Interleukin-2 for 24 hours	primary cell	NTR:0000663
ENCSR542RNG	ENCSR594HLA	ATAC-seq	FALSE	adrenal gland	GRCh38	Homo sapiens	male adult (26 years)	tissue	UBERON:0002369
ENCSR323LVJ	ENCSR594QMF	DNase-seq	FALSE	activated CD4-positive, alpha-beta T cell	GRCh38	Homo sapiens	female adult (37 years) treated with 100 ng/mL Interleukin-6 for 8 hours, 50 U/mL Interleukin-2 for 16 hours, anti-CD3 and anti-CD28 coated beads for 16 hours	primary cell	CL:0000896
ENCSR826URD	ENCSR595VCF	DNase-seq	FALSE	neural crest cell	GRCh38	Homo sapiens	female embryo (5 days)	in vitro differentiated cells	CL:0011012
ENCSR155NPL	ENCSR596EZJ	DNase-seq	FALSE	renal cortex interstitium	GRCh38	Homo sapiens	male embryo (113 days)	tissue	UBERON:0005270
ENCSR855BMI	ENCSR597PKN	ATAC-seq	FALSE	Right ventricle myocardium inferior	GRCh38	Homo sapiens	male adult (60 years)	tissue	NTR:0000491
ENCSR060ZXQ	ENCSR599AWD	DNase-seq	FALSE	CD4-positive, alpha-beta T cell	GRCh38	Homo sapiens	female adult (33 years)	primary cell	CL:0000624
ENCSR252NVI	ENCSR599MKA	DNase-seq	FALSE	activated CD4-positive, alpha-beta T cell	GRCh38	Homo sapiens	female adult (37 years) treated with 100 ng/mL Interleukin-10 for 8 hours, 50 U/mL Interleukin-2 for 16 hours, anti-CD3 and anti-CD28 coated beads for 16 hours	primary cell	CL:0000896
ENCSR176BPJ	ENCSR600CTA	DNase-seq	FALSE	head of caudate nucleus	GRCh38	Homo sapiens	female adult (90 or above years) with mild cognitive impairment	tissue	UBERON:0002626
ENCSR564TUY	ENCSR600JMG	DNase-seq	FALSE	common myeloid progenitor, CD34-positive	GRCh38	Homo sapiens	male	primary cell	CL:0001059
ENCSR338NEI	ENCSR601UXA	DNase-seq	FALSE	pancreas	GRCh38	Homo sapiens	female adult (41 years)	tissue	UBERON:0001264
ENCSR095GWE	ENCSR602LGD	DNase-seq	FALSE	stomach	GRCh38	Homo sapiens	male embryo (76 days) male embryo (58 days)	tissue	UBERON:0000945
ENCSR370QWN	ENCSR602OYM	ATAC-seq	FALSE	dendritic cell	GRCh38	Homo sapiens	treated with lipopolysaccharide	in vitro differentiated cells	CL:0000451
ENCSR859LTL	ENCSR602TUI	DNase-seq	FALSE	breast epithelium	GRCh38	Homo sapiens	female adult (51 years)	tissue	UBERON:0008367
ENCSR158YXM	ENCSR603COG	DNase-seq	FALSE	liver	GRCh38	Homo sapiens	embryo (59 days) embryo (80 days)	tissue	UBERON:0002107
ENCSR648RAX	ENCSR603HZX	DNase-seq	FALSE	placenta	GRCh38	Homo sapiens	female embryo (85 days)	tissue	UBERON:0001987
ENCSR832IQN	ENCSR604TTC	DNase-seq	FALSE	CD4-positive, alpha-beta T cell	GRCh38	Homo sapiens	female adult (39 years)	primary cell	CL:0000624
ENCSR476SDZ	ENCSR604WIO	DNase-seq	FALSE	muscle of back	GRCh38	Homo sapiens	male embryo (108 days)	tissue	UBERON:0002324
ENCSR000EPE	ENCSR606CFD	DNase-seq	FALSE	LHCN-M2	GRCh38	Homo sapiens		cell line	EFO:0005714
ENCSR943BCO	ENCSR606IUL	DNase-seq	FALSE	stimulated activated CD8-positive, alpha-beta memory T cell	GRCh38	Homo sapiens	male adult (38 years) treated with anti-CD3 and anti-CD28 coated beads for 4 hours, 100 ng/mL Interleukin-4 for 4 hours	primary cell	NTR:0000669
ENCSR524DWS	ENCSR606XWT	DNase-seq	FALSE	renal cortex interstitium	GRCh38	Homo sapiens	female embryo (120 days)	tissue	UBERON:0005270
ENCSR086PIL	ENCSR607BQJ	DNase-seq	FALSE	posterior cingulate gyrus	GRCh38	Homo sapiens	female adult (90 or above years) with Alzheimer's disease	tissue	UBERON:0002740
ENCSR911YVV	ENCSR607WVP	DNase-seq	FALSE	renal pelvis	GRCh38	Homo sapiens	female embryo (89 days)	tissue	UBERON:0001224
ENCSR572HUG	ENCSR608HZF	DNase-seq	FALSE	activated naive CD8-positive, alpha-beta T cell	GRCh38	Homo sapiens	male adult (42 years) treated with anti-CD3 and anti-CD28 coated beads for 24 hours, 50 U/mL Interleukin-2 for 24 hours	primary cell	NTR:0000502
ENCSR683QJJ	ENCSR608KBM	DNase-seq	FALSE	CD4-positive, alpha-beta T cell	GRCh38	Homo sapiens	male adult (21 years)	primary cell	CL:0000624
ENCSR839IAD	ENCSR608VHS	ATAC-seq	FALSE	GM19397	GRCh38	Homo sapiens		cell line	CLO:0026782
ENCSR594OWA	ENCSR609CXE	DNase-seq	FALSE	small intestine	GRCh38	Homo sapiens	male embryo (91 days)	tissue	UBERON:0002108
ENCSR383RDZ	ENCSR609EOM	ATAC-seq	FALSE	GM19328	GRCh38	Homo sapiens		cell line	CLO:0027445
ENCSR923VTG	ENCSR609WOB	ATAC-seq	FALSE	lower lobe of right lung	GRCh38	Homo sapiens	male adult (60 years)	tissue	UBERON:0002171
ENCSR253QLW	ENCSR610JIY	ATAC-seq	FALSE	GM18511	GRCh38	Homo sapiens		cell line	CLO:0024877
ENCSR485UQY	ENCSR613NVS	DNase-seq	FALSE	right cardiac atrium	GRCh38	Homo sapiens	male adult (60 years)	tissue	UBERON:0002078
ENCSR409ZBD	ENCSR614AIX	DNase-seq	FALSE	natural killer cell	GRCh38	Homo sapiens	male adult (47 years) treated with 100 ng/mL Interleukin-12 subunit alpha for 72 hours, 100 ng/mL Interleukin-15 for 72 hours, 100 ng/mL Interleukin-12 subunit beta for 72 hours, 100 ng/mL Interleukin-18 for 72 hours	primary cell	CL:0000623
ENCSR233HSC	ENCSR615NIB	ATAC-seq	FALSE	GM21723	GRCh38	Homo sapiens		cell line	CLO:0014886
ENCSR254AGA	ENCSR615RQE	DNase-seq	FALSE	renal cortex interstitium	GRCh38	Homo sapiens	male embryo (91 days)	tissue	UBERON:0005270
ENCSR042AWH	ENCSR616TYK	ATAC-seq	FALSE	HepG2	GRCh38	Homo sapiens		cell line	EFO:0001187
ENCSR838IPF	ENCSR617ERP	DNase-seq	FALSE	thymus	GRCh38	Homo sapiens	female embryo (105 days)	tissue	UBERON:0002370
ENCSR366YTD	ENCSR618VNH	DNase-seq	FALSE	T-cell	GRCh38	Homo sapiens	male adult (37 years)	primary cell	CL:0000084
ENCSR262QJC	ENCSR619SQW	DNase-seq	FALSE	kidney	GRCh38	Homo sapiens	male embryo (87 days)	tissue	UBERON:0002113
ENCSR009KWQ	ENCSR620CIC	DNase-seq	FALSE	BE2C	GRCh38	Homo sapiens		cell line	EFO:0005725
ENCSR922YEW	ENCSR620JGM	DNase-seq	FALSE	placenta	GRCh38	Homo sapiens	female embryo	tissue	UBERON:0001987
ENCSR744UQK	ENCSR620MLQ	DNase-seq	FALSE	CD8-positive, alpha-beta T cell	GRCh38	Homo sapiens	female adult (33 years)	primary cell	CL:0000625
ENCSR250GDW	ENCSR623XYP	DNase-seq	FALSE	CD4-positive, alpha-beta T cell	GRCh38	Homo sapiens	female adult (26 years) treated with Interleukin-4 for 1 hour	primary cell	CL:0000624
ENCSR299INS	ENCSR624DIU	DNase-seq	FALSE	right lung	GRCh38	Homo sapiens	female embryo (105 days)	tissue	UBERON:0002167
ENCSR395HAE	ENCSR624LJH	DNase-seq	FALSE	heart left ventricle	GRCh38	Homo sapiens	female adult (59 years)	tissue	UBERON:0002084
ENCSR496PSH	ENCSR624PXS	DNase-seq	FALSE	head of caudate nucleus	GRCh38	Homo sapiens	female adult (90 or above years) with mild cognitive impairment	tissue	UBERON:0002626
ENCSR133CMC	ENCSR624URV	ATAC-seq	FALSE	heart right ventricle	GRCh38	Homo sapiens	male adult (69 years)	tissue	UBERON:0002080
ENCSR623PVB	ENCSR625NZK	DNase-seq	FALSE	T-helper 17 cell	GRCh38	Homo sapiens	male adult (30 years)	primary cell	CL:0000899
ENCSR019JDO	ENCSR625YHF	DNase-seq	FALSE	Karpas-422	GRCh38	Homo sapiens		cell line	EFO:0005719
ENCSR210ESN	ENCSR626SYC	DNase-seq	FALSE	dorsolateral prefrontal cortex	GRCh38	Homo sapiens	female adult (74 years) with Alzheimer's disease	tissue	UBERON:0009834
ENCSR905PWV	ENCSR627LHW	ATAC-seq	FALSE	HG02610	GRCh38	Homo sapiens		cell line	EFO:0010843
ENCSR178JBL	ENCSR627VXK	DNase-seq	FALSE	pancreas	GRCh38	Homo sapiens	male adult (34 years)	tissue	UBERON:0001264
ENCSR689DSM	ENCSR627YMG	DNase-seq	FALSE	Peyer's patch	GRCh38	Homo sapiens	female adult (53 years)	tissue	UBERON:0001211
ENCSR934AWQ	ENCSR628AUQ	ATAC-seq	FALSE	T-cell	GRCh38	Homo sapiens	male adult (38 years)	primary cell	CL:0000084
ENCSR278FHC	ENCSR628MRI	DNase-seq	FALSE	testis	GRCh38	Homo sapiens	male embryo	tissue	UBERON:0000473
ENCSR373GMM	ENCSR629AOL	ATAC-seq	FALSE	natural killer cell	GRCh38	Homo sapiens	male adult (33 years)	primary cell	CL:0000623
ENCSR476WNA	ENCSR629AVX	ATAC-seq	FALSE	ovary	GRCh38	Homo sapiens	female adult (47 years)	tissue	UBERON:0000992
ENCSR886VCC	ENCSR629ZQZ	ATAC-seq	FALSE	psoas muscle	GRCh38	Homo sapiens	female adult (47 years)	tissue	UBERON:0008450
ENCSR000ENF	ENCSR630WHT	DNase-seq	FALSE	brain pericyte	GRCh38	Homo sapiens		primary cell	CL:2000043
ENCSR541KFY	ENCSR631EWP	ATAC-seq	FALSE	WTC11	GRCh38	Homo sapiens		cell line	EFO:0009747
ENCSR544KDB	ENCSR631GYP	DNase-seq	FALSE	thymus	GRCh38	Homo sapiens	male embryo (113 days)	tissue	UBERON:0002370
ENCSR862SQC	ENCSR631LRH	DNase-seq	FALSE	head of caudate nucleus	GRCh38	Homo sapiens	male adult (84 years)	tissue	UBERON:0002626
ENCSR062DUU	ENCSR632QNE	DNase-seq	FALSE	stomach	GRCh38	Homo sapiens	female embryo (105 days)	tissue	UBERON:0000945
ENCSR851ZFT	ENCSR634EAJ	DNase-seq	FALSE	renal cortex interstitium	GRCh38	Homo sapiens	female embryo (89 days)	tissue	UBERON:0005270
ENCSR908MUU	ENCSR634QJR	DNase-seq	FALSE	posterior cingulate gyrus	GRCh38	Homo sapiens	female adult (90 or above years) with mild cognitive impairment	tissue	UBERON:0002740
ENCSR565EBN	ENCSR634XOQ	DNase-seq	FALSE	small intestine	GRCh38	Homo sapiens	female embryo (98 days)	tissue	UBERON:0002108
ENCSR968TPO	ENCSR635FUD	DNase-seq	FALSE	ascending aorta	GRCh38	Homo sapiens	female adult (53 years)	tissue	UBERON:0001496
ENCSR939EVW	ENCSR637GED	ATAC-seq	FALSE	GM21528	GRCh38	Homo sapiens		cell line	CLO:0014080
ENCSR112AKE	ENCSR637GYM	DNase-seq	FALSE	posterior cingulate gyrus	GRCh38	Homo sapiens	female adult (90 or above years) with mild cognitive impairment	tissue	UBERON:0002740
ENCSR322SBN	ENCSR637NUL	ATAC-seq	FALSE	HG03457	GRCh38	Homo sapiens		cell line	EFO:0010882
ENCSR086FTP	ENCSR637TRV	DNase-seq	FALSE	CD8-positive, alpha-beta T cell	GRCh38	Homo sapiens	male adult (38 years)	primary cell	CL:0000625
ENCSR989YIV	ENCSR638CZD	DNase-seq	FALSE	placenta	GRCh38	Homo sapiens	male embryo (91 days)	tissue	UBERON:0001987
ENCSR502FPR	ENCSR638JQB	DNase-seq	FALSE	posterior cingulate gyrus	GRCh38	Homo sapiens	female adult (90 or above years) with mild cognitive impairment	tissue	UBERON:0002740
ENCSR594NOE	ENCSR639ILE	DNase-seq	FALSE	RPMI8226	GRCh38	Homo sapiens		cell line	EFO:0002322
ENCSR678ILN	ENCSR639NDH	DNase-seq	FALSE	ELF-1	GRCh38	Homo sapiens		cell line	EFO:0005901
ENCSR819EPD	ENCSR639YNS	DNase-seq	FALSE	stimulated activated CD8-positive, alpha-beta memory T cell	GRCh38	Homo sapiens	male adult (38 years) treated with anti-CD3 and anti-CD28 coated beads for 1 hour, 100 ng/mL Interleukin-15 for 1 hour	primary cell	NTR:0000669
ENCSR846VGZ	ENCSR642MZG	DNase-seq	FALSE	posterior cingulate gyrus	GRCh38	Homo sapiens	female adult (90 or above years)	tissue	UBERON:0002740
ENCSR938UOR	ENCSR642UBP	DNase-seq	FALSE	muscle of leg	GRCh38	Homo sapiens	female embryo (115 days)	tissue	UBERON:0001383
ENCSR115OIV	ENCSR643BHE	ATAC-seq	FALSE	activated T-helper 17 cell	GRCh38	Homo sapiens	male adult (50 years) treated with anti-CD3 and anti-CD28 coated beads for 72 hours, 50 U/mL Interleukin-2 for 72 hours	primary cell	NTR:0000635
ENCSR561ZLY	ENCSR643LQA	DNase-seq	FALSE	T-cell	GRCh38	Homo sapiens	male adult (21 years)	primary cell	CL:0000084
ENCSR141RSN	ENCSR645BWU	DNase-seq	FALSE	activated CD8-positive, alpha-beta memory T cell	GRCh38	Homo sapiens	male adult (30 years) treated with 10 ng/mL Interleukin-2 for 5 days, anti-CD3 and anti-CD28 coated beads for 7 days	primary cell	NTR:0000504
ENCSR017RQC	ENCSR646MBL	ATAC-seq	FALSE	Peyer's patch	GRCh38	Homo sapiens	female adult (53 years)	tissue	UBERON:0001211
ENCSR000EOQ	ENCSR646VRX	DNase-seq	FALSE	endothelial cell of umbilical vein	GRCh38	Homo sapiens	newborn	primary cell	CL:0002618
ENCSR516RTV	ENCSR647COV	DNase-seq	FALSE	head of caudate nucleus	GRCh38	Homo sapiens	female adult (90 or above years) with Cognitive impairment	tissue	UBERON:0002626
ENCSR611BQR	ENCSR647OGN	ATAC-seq	FALSE	T-helper 17 cell	GRCh38	Homo sapiens	male adult (50 years)	primary cell	CL:0000899
ENCSR866RCY	ENCSR648APH	DNase-seq	FALSE	adrenal gland	GRCh38	Homo sapiens	female embryo (85 days)	tissue	UBERON:0002369
ENCSR963ALV	ENCSR648YLB	DNase-seq	FALSE	neural progenitor cell	GRCh38	Homo sapiens	female embryo (5 days)	in vitro differentiated cells	CL:0011020
ENCSR381LJX	ENCSR649BNO	ATAC-seq	FALSE	HG03039	GRCh38	Homo sapiens		cell line	EFO:0010861
ENCSR695FLC	ENCSR649LBS	ATAC-seq	FALSE	mucosa of gallbladder	GRCh38	Homo sapiens	female child (16 years)	tissue	UBERON:0005033
ENCSR984SDD	ENCSR650BIB	DNase-seq	FALSE	head of caudate nucleus	GRCh38	Homo sapiens	female adult (90 or above years) with mild cognitive impairment	tissue	UBERON:0002626
ENCSR445QDZ	ENCSR650ORE	DNase-seq	FALSE	naive thymus-derived CD8-positive, alpha-beta T cell	GRCh38	Homo sapiens	male adult (36 years)	primary cell	CL:0000900
ENCSR622TWS	ENCSR651HIG	DNase-seq	FALSE	fibroblast of skin of abdomen	GRCh38	Homo sapiens	male embryo (97 days)	primary cell	CL:2000013
ENCSR569ATD	ENCSR653BWB	DNase-seq	TRUE	CD4-positive, alpha-beta T cell	GRCh38	Homo sapiens	male adult (21 years) treated with 7.5 μg/kg G-CSF for 4 days	primary cell	CL:0000624
ENCSR006MAW	ENCSR653LBE	DNase-seq	FALSE	dorsolateral prefrontal cortex	GRCh38	Homo sapiens	male adult (83 years)	tissue	UBERON:0009834
ENCSR926SNI	ENCSR653ROL	DNase-seq	FALSE	T-cell	GRCh38	Homo sapiens	male adult (38 years)	primary cell	CL:0000084
ENCSR384GGJ	ENCSR653VWJ	DNase-seq	FALSE	T-helper 1 cell	GRCh38	Homo sapiens	male adult (38 years)	primary cell	CL:0000545
ENCSR686LOE	ENCSR654MGS	DNase-seq	FALSE	dorsolateral prefrontal cortex	GRCh38	Homo sapiens	female adult (89 years)	tissue	UBERON:0009834
ENCSR986HEN	ENCSR654ONT	DNase-seq	FALSE	right renal pelvis	GRCh38	Homo sapiens	male embryo (105 days)	tissue	UBERON:0018116
ENCSR531HPD	ENCSR654WMG	DNase-seq	FALSE	large intestine	GRCh38	Homo sapiens	male embryo (105 days)	tissue	UBERON:0000059
ENCSR504OUW	ENCSR655LFC	ATAC-seq	FALSE	CD4-positive, CD25-positive, alpha-beta regulatory T cell	GRCh38	Homo sapiens	male adult (38 years)	primary cell	CL:0000792
ENCSR385SZQ	ENCSR655RGE	DNase-seq	FALSE	MCF 10A	GRCh38	Homo sapiens	treated with 1.0 μM tamoxifen for 6.0 hours	cell line	EFO:0001200
ENCSR911LTI	ENCSR657JGJ	DNase-seq	FALSE	heart	GRCh38	Homo sapiens	embryo (96 days)	tissue	UBERON:0000948
ENCSR926TFY	ENCSR657PZC	ATAC-seq	FALSE	dendritic cell	GRCh38	Homo sapiens	treated with 100 ng/mL lipopolysaccharide for 4 hours	in vitro differentiated cells	CL:0000451
ENCSR830ALP	ENCSR657WDG	ATAC-seq	FALSE	activated T-cell	GRCh38	Homo sapiens	male adult (43 years) treated with anti-CD3 and anti-CD28 coated beads for 72 hours, 50 U/mL Interleukin-2 for 72 hours	primary cell	NTR:0000537
ENCSR025MEO	ENCSR658PPY	ATAC-seq	FALSE	HG03354	GRCh38	Homo sapiens		cell line	EFO:0010877
ENCSR789VGQ	ENCSR658SZR	DNase-seq	FALSE	MCF 10A	GRCh38	Homo sapiens		cell line	EFO:0001200
ENCSR993XED	ENCSR658XDN	ATAC-seq	FALSE	activated T-cell	GRCh38	Homo sapiens	male adult (38 years) treated with 50 U/mL Interleukin-2 for 4 hours, anti-CD3 and anti-CD28 coated beads for 4 hours	primary cell	NTR:0000537
ENCSR802GEV	ENCSR660JXI	ATAC-seq	FALSE	cerebellum	GRCh38	Homo sapiens	male adult (20 years)	tissue	UBERON:0002037
ENCSR249FXU	ENCSR660MNT	ATAC-seq	FALSE	HG03045	GRCh38	Homo sapiens		cell line	EFO:0010862
ENCSR563ZNI	ENCSR662DNR	ATAC-seq	FALSE	heart right ventricle	GRCh38	Homo sapiens	male adult (61 years)	tissue	UBERON:0002080
ENCSR000ENU	ENCSR662EPX	DNase-seq	FALSE	HL-60	GRCh38	Homo sapiens		cell line	EFO:0002793
ENCSR435NHO	ENCSR665XRD	DNase-seq	FALSE	embryonic facial prominence	GRCh38	Homo sapiens	embryo (58 days) embryo (53 days)	tissue	UBERON:0012314
ENCSR913OWV	ENCSR667CJC	ATAC-seq	FALSE	motor neuron	GRCh38	Homo sapiens	male adult (55 years) with amyotrophic lateral sclerosis	in vitro differentiated cells	CL:0000100
ENCSR270LZE	ENCSR667FJR	DNase-seq	FALSE	muscle of arm	GRCh38	Homo sapiens	male embryo (113 days)	tissue	UBERON:0001499
ENCSR038WVV	ENCSR667UVH	ATAC-seq	FALSE	HG02973	GRCh38	Homo sapiens		cell line	EFO:0010858
ENCSR432QFU	ENCSR668KQQ	DNase-seq	FALSE	head of caudate nucleus	GRCh38	Homo sapiens	male adult (73 years) with Cognitive impairment, Alzheimer's disease	tissue	UBERON:0002626
ENCSR889ONK	ENCSR668QCT	DNase-seq	FALSE	naive thymus-derived CD8-positive, alpha-beta T cell	GRCh38	Homo sapiens	male adult (42 years)	primary cell	CL:0000900
ENCSR374ZRW	ENCSR669BKH	ATAC-seq	FALSE	heart right ventricle	GRCh38	Homo sapiens	female adult (56 years)	tissue	UBERON:0002080
ENCSR062DXC	ENCSR669LKG	DNase-seq	FALSE	muscle of arm	GRCh38	Homo sapiens	female embryo (115 days)	tissue	UBERON:0001499
ENCSR022ECC	ENCSR670AUO	DNase-seq	FALSE	renal cortex interstitium	GRCh38	Homo sapiens	female embryo (96 days)	tissue	UBERON:0005270
ENCSR545KQR	ENCSR670KSX	DNase-seq	FALSE	placenta	GRCh38	Homo sapiens	female embryo (105 days)	tissue	UBERON:0001987
ENCSR881CRY	ENCSR671ZJO	DNase-seq	FALSE	stimulated activated CD4-positive, alpha-beta T cell	GRCh38	Homo sapiens	female adult (33 years) treated with anti-CD3 and anti-CD28 coated beads for 48 hours, 100 ng/mL Interleukin-15 for 48 hours	primary cell	NTR:0000663
ENCSR101HFF	ENCSR672VAW	DNase-seq	FALSE	head of caudate nucleus	GRCh38	Homo sapiens	female adult (81 years) with Alzheimer's disease	tissue	UBERON:0002626
ENCSR920FQJ	ENCSR672WKH	ATAC-seq	FALSE	HG02938	GRCh38	Homo sapiens		cell line	EFO:0010855
ENCSR493IAY	ENCSR672ZIV	DNase-seq	FALSE	hematopoietic multipotent progenitor cell	GRCh38	Homo sapiens	male adult (25 years) treated with interleukin-3 for 18 days, kit ligand for 18 days, hydrocortisone succinate for 18 days, erythropoietin for 18 days	in vitro differentiated cells	CL:0000837
ENCSR001QTZ	ENCSR673LHA	DNase-seq	FALSE	dorsolateral prefrontal cortex	GRCh38	Homo sapiens	female adult (90 or above years) with mild cognitive impairment	tissue	UBERON:0009834
ENCSR771JQH	ENCSR673OVY	DNase-seq	FALSE	activated T-cell	GRCh38	Homo sapiens	female adult (33 years) treated with anti-CD3 and anti-CD28 coated beads for 48 hours, 50 U/mL Interleukin-2 for 48 hours	primary cell	NTR:0000537
ENCSR000ENG	ENCSR675REU	DNase-seq	FALSE	smooth muscle cell of the brain vasculature	GRCh38	Homo sapiens	female	primary cell	CL:0002590
ENCSR736VVP	ENCSR676BXL	DNase-seq	FALSE	memory B cell	GRCh38	Homo sapiens	female adult (39 years)	primary cell	CL:0000787
ENCSR116UQH	ENCSR677HLH	DNase-seq	FALSE	head of caudate nucleus	GRCh38	Homo sapiens	female adult (89 years)	tissue	UBERON:0002626
ENCSR904GDU	ENCSR681MBL	DNase-seq	FALSE	CD4-positive, alpha-beta T cell	GRCh38	Homo sapiens	male adult (42 years)	primary cell	CL:0000624
ENCSR811OUF	ENCSR682NOF	DNase-seq	FALSE	dorsolateral prefrontal cortex	GRCh38	Homo sapiens	male adult (86 years)	tissue	UBERON:0009834
ENCSR344ZTM	ENCSR682VDU	ATAC-seq	FALSE	thoracic aorta	GRCh38	Homo sapiens	male adult (54 years)	tissue	UBERON:0001515
ENCSR458AOS	ENCSR682XOG	DNase-seq	FALSE	adrenal gland	GRCh38	Homo sapiens	male adult (54 years)	tissue	UBERON:0002369
ENCSR231BZU	ENCSR683XSR	ATAC-seq	FALSE	GM19351	GRCh38	Homo sapiens		cell line	CLO:0027432
ENCSR217SET	ENCSR684CFS	DNase-seq	FALSE	SW480	GRCh38	Homo sapiens		cell line	EFO:0002083
ENCSR546FUC	ENCSR684NGU	DNase-seq	FALSE	CD4-positive, alpha-beta T cell	GRCh38	Homo sapiens	male adult (42 years)	primary cell	CL:0000624
ENCSR805XIF	ENCSR685CQX	DNase-seq	FALSE	femur	GRCh38	Homo sapiens	female embryo (98 days)	tissue	UBERON:0000981
ENCSR485TLP	ENCSR686RDV	ATAC-seq	FALSE	GM23338	GRCh38	Homo sapiens		cell line	EFO:0007950
ENCSR059NIN	ENCSR686YEI	DNase-seq	FALSE	dorsolateral prefrontal cortex	GRCh38	Homo sapiens	male adult (90 or above years) with mild cognitive impairment	tissue	UBERON:0009834
ENCSR909HFI	ENCSR688GFI	DNase-seq	FALSE	right lobe of liver	GRCh38	Homo sapiens	female adult (53 years)	tissue	UBERON:0001114
ENCSR688OIJ	ENCSR688PBM	DNase-seq	FALSE	stimulated activated CD8-positive, alpha-beta memory T cell	GRCh38	Homo sapiens	female adult (33 years) treated with anti-CD3 and anti-CD28 coated beads for 48 hours, 100 ng/mL Interleukin-2 for 48 hours	primary cell	NTR:0000669
ENCSR984HJW	ENCSR689OMC	DNase-seq	FALSE	head of caudate nucleus	GRCh38	Homo sapiens	female adult (90 or above years) with Cognitive impairment, Alzheimer's disease	tissue	UBERON:0002626
ENCSR582IPV	ENCSR692PPT	DNase-seq	FALSE	lung	GRCh38	Homo sapiens	male embryo (76 days) embryo (80 days)	tissue	UBERON:0002048
ENCSR796YOJ	ENCSR692SGA	DNase-seq	FALSE	dorsolateral prefrontal cortex	GRCh38	Homo sapiens	female adult (90 or above years) with Alzheimer's disease	tissue	UBERON:0009834
ENCSR635AIF	ENCSR692YYD	ATAC-seq	FALSE	GM19468	GRCh38	Homo sapiens		cell line	CLO:0026875
ENCSR796SJV	ENCSR693EVI	DNase-seq	FALSE	large intestine	GRCh38	Homo sapiens	female embryo (98 days)	tissue	UBERON:0000059
ENCSR163KRG	ENCSR694IPL	ATAC-seq	FALSE	HG03469	GRCh38	Homo sapiens		cell line	EFO:0010884
ENCSR635VQU	ENCSR694JQH	DNase-seq	FALSE	CD4-positive, alpha-beta T cell	GRCh38	Homo sapiens	female adult (39 years) treated with Interleukin-4 for 4 hours	primary cell	CL:0000624
ENCSR386XPD	ENCSR694SDG	DNase-seq	FALSE	dorsolateral prefrontal cortex	GRCh38	Homo sapiens	female adult (82 years)	tissue	UBERON:0009834
ENCSR152AVY	ENCSR695ODM	DNase-seq	FALSE	stimulated activated CD4-positive, alpha-beta T cell	GRCh38	Homo sapiens	male adult (38 years) treated with anti-CD3 and anti-CD28 coated beads for 1 hour, 100 ng/mL Interleukin-23 for 1 hour, 100 ng/mL Interleukin-1b for 1 hour	primary cell	NTR:0000663
ENCSR934IKS	ENCSR695TIK	DNase-seq	FALSE	T-cell	GRCh38	Homo sapiens	female adult (33 years)	primary cell	CL:0000084
ENCSR442SDV	ENCSR696EMG	DNase-seq	FALSE	activated CD8-positive, alpha-beta memory T cell	GRCh38	Homo sapiens	female adult (33 years) treated with anti-CD3 and anti-CD28 coated beads for 48 hours	primary cell	NTR:0000504
ENCSR554WUJ	ENCSR696FIH	DNase-seq	FALSE	renal pelvis	GRCh38	Homo sapiens	female embryo (103 days)	tissue	UBERON:0001224
ENCSR656QYL	ENCSR696LFL	DNase-seq	FALSE	renal cortex interstitium	GRCh38	Homo sapiens	female embryo (103 days)	tissue	UBERON:0005270
ENCSR545UJP	ENCSR698SZY	ATAC-seq	FALSE	activated CD8-positive, alpha-beta T cell	GRCh38	Homo sapiens	male adult (21 years) treated with anti-CD3 and anti-CD28 coated beads for 7 days, 10 ng/mL Interleukin-2 for 5 days nuclear fraction	primary cell	CL:0000906
ENCSR705GCU	ENCSR699GVT	DNase-seq	FALSE	CD8-positive, alpha-beta memory T cell	GRCh38	Homo sapiens	male adult (30 years)	primary cell	CL:0000909
ENCSR670VQZ	ENCSR699HYM	DNase-seq	FALSE	fibroblast of upper back skin	GRCh38	Homo sapiens	male embryo (97 days)	primary cell	CL:0011021
ENCSR802AJE	ENCSR699KFI	DNase-seq	FALSE	placenta	GRCh38	Homo sapiens	male embryo (85 days)	tissue	UBERON:0001987
ENCSR770DEN	ENCSR699TFI	DNase-seq	FALSE	fibroblast of skin of scalp	GRCh38	Homo sapiens	male embryo (97 days)	primary cell	CL:4006001
ENCSR537TXP	ENCSR700DMS	DNase-seq	FALSE	T-helper 17 cell	GRCh38	Homo sapiens	male adult (50 years)	primary cell	CL:0000899
ENCSR000FDI	ENCSR700ULB	DNase-seq	FALSE	HT1080	GRCh38	Homo sapiens		cell line	EFO:0002059
ENCSR000EPV	ENCSR700YXD	DNase-seq	FALSE	RPMI7951	GRCh38	Homo sapiens		cell line	EFO:0005712
ENCSR424MWH	ENCSR701MMD	DNase-seq	FALSE	CD4-positive, alpha-beta T cell	GRCh38	Homo sapiens	female adult (39 years) treated with Interleukin-21 for 1 hour	primary cell	CL:0000624
ENCSR964VVW	ENCSR701VLP	DNase-seq	FALSE	right lung	GRCh38	Homo sapiens	male embryo (96 days)	tissue	UBERON:0002167
ENCSR303YII	ENCSR701ZAN	DNase-seq	FALSE	muscle of arm	GRCh38	Homo sapiens	male embryo (96 days)	tissue	UBERON:0001499
ENCSR585CGU	ENCSR704MNS	DNase-seq	FALSE	muscle of back	GRCh38	Homo sapiens	female embryo (105 days)	tissue	UBERON:0002324
ENCSR108SYM	ENCSR705JPE	DNase-seq	FALSE	psoas muscle	GRCh38	Homo sapiens	female adult (61 years)	tissue	UBERON:0008450
ENCSR669NQZ	ENCSR706ZWI	DNase-seq	FALSE	stimulated activated CD8-positive, alpha-beta memory T cell	GRCh38	Homo sapiens	female adult (33 years) treated with anti-CD3 and anti-CD28 coated beads for 4 hours, 100 ng/mL Interleukin-7 for 4 hours	primary cell	NTR:0000669
ENCSR097BWW	ENCSR707BUL	DNase-seq	FALSE	left kidney	GRCh38	Homo sapiens	male embryo (91 days) female embryo (59 days)	tissue	UBERON:0004538
ENCSR865CYW	ENCSR708JEN	DNase-seq	FALSE	dorsolateral prefrontal cortex	GRCh38	Homo sapiens	female adult (90 or above years)	tissue	UBERON:0009834
ENCSR874DUP	ENCSR708KHR	DNase-seq	FALSE	activated CD4-positive, alpha-beta T cell	GRCh38	Homo sapiens	male adult (42 years) treated with anti-CD3 and anti-CD28 coated beads for 4 hours, 50 U/mL Interleukin-2 for 4 hours	primary cell	CL:0000896
ENCSR367WVH	ENCSR709FWR	DNase-seq	FALSE	naive thymus-derived CD8-positive, alpha-beta T cell	GRCh38	Homo sapiens	male adult (33 years)	primary cell	CL:0000900
ENCSR248ZAC	ENCSR710TZU	ATAC-seq	FALSE	T-helper 17 cell	GRCh38	Homo sapiens	male adult (42 years)	primary cell	CL:0000899
ENCSR955JSO	ENCSR710ZXE	ATAC-seq	FALSE	breast epithelium	GRCh38	Homo sapiens	male adult (54 years)	tissue	UBERON:0008367
ENCSR294DND	ENCSR711CBE	DNase-seq	FALSE	stimulated activated CD8-positive, alpha-beta memory T cell	GRCh38	Homo sapiens	male adult (38 years) treated with anti-CD3 and anti-CD28 coated beads for 48 hours, 100 ng/mL Interleukin-4 for 48 hours	primary cell	NTR:0000669
ENCSR810CTB	ENCSR711QEP	DNase-seq	FALSE	activated T-cell	GRCh38	Homo sapiens	male adult (38 years) treated with anti-CD3 and anti-CD28 coated beads for 24 hours	primary cell	NTR:0000537
ENCSR749YCR	ENCSR712YRU	DNase-seq	FALSE	stimulated activated CD8-positive, alpha-beta memory T cell	GRCh38	Homo sapiens	male adult (38 years) treated with anti-CD3 and anti-CD28 coated beads for 1 hour, 100 ng/mL Interleukin-7 for 1 hour	primary cell	NTR:0000669
ENCSR000ENI	ENCSR713VSO	DNase-seq	FALSE	cardiac fibroblast	GRCh38	Homo sapiens	female adult	primary cell	CL:0002548
ENCSR312UCH	ENCSR714DLQ	ATAC-seq	FALSE	GM18519	GRCh38	Homo sapiens		cell line	CLO:0024886
ENCSR000RBT	ENCSR716EMN	ATAC-seq	FALSE	HG03571	GRCh38	Homo sapiens		cell line	EFO:0010889
ENCSR053SGP	ENCSR716THJ	ATAC-seq	FALSE	heart right ventricle	GRCh38	Homo sapiens	male adult (54 years)	tissue	UBERON:0002080
ENCSR025EYJ	ENCSR716TYV	DNase-seq	FALSE	T-cell	GRCh38	Homo sapiens	male adult (48 years)	primary cell	CL:0000084
ENCSR606UAR	ENCSR717YBA	DNase-seq	FALSE	renal pelvis	GRCh38	Homo sapiens	female embryo (96 days)	tissue	UBERON:0001224
ENCSR286STX	ENCSR718IML	ATAC-seq	FALSE	heart left ventricle	GRCh38	Homo sapiens	male adult (66 years)	tissue	UBERON:0002084
ENCSR558SUT	ENCSR719IKX	DNase-seq	FALSE	head of caudate nucleus	GRCh38	Homo sapiens	male adult (82 years)	tissue	UBERON:0002626
ENCSR382JUJ	ENCSR719LJN	DNase-seq	FALSE	superior temporal gyrus	GRCh38	Homo sapiens	male adult (84 years)	tissue	UBERON:0002769
ENCSR251POP	ENCSR720FMM	ATAC-seq	FALSE	pancreas	GRCh38	Homo sapiens	female adult (61 years)	tissue	UBERON:0001264
ENCSR131CHJ	ENCSR720OXB	ATAC-seq	FALSE	dendritic cell	GRCh38	Homo sapiens	treated with 100 ng/mL lipopolysaccharide for 2 hours	in vitro differentiated cells	CL:0000451
ENCSR314IBN	ENCSR720QMH	DNase-seq	FALSE	stimulated activated CD8-positive, alpha-beta memory T cell	GRCh38	Homo sapiens	female adult (33 years) treated with anti-CD3 and anti-CD28 coated beads for 1 hour, 100 ng/mL Interleukin-7 for 1 hour	primary cell	NTR:0000669
ENCSR134BSY	ENCSR721RIF	DNase-seq	FALSE	CD4-positive, alpha-beta T cell	GRCh38	Homo sapiens	female adult (33 years)	primary cell	CL:0000624
ENCSR383BLX	ENCSR722JCB	DNase-seq	FALSE	fibroblast of skin of right biceps	GRCh38	Homo sapiens	male embryo (97 days)	primary cell	NTR:0000525
ENCSR612CTW	ENCSR722YBR	DNase-seq	FALSE	mucosa of descending colon	GRCh38	Homo sapiens	male adult (40 years)	tissue	UBERON:0004992
ENCSR000EMD	ENCSR723PKD	DNase-seq	FALSE	BE2C	GRCh38	Homo sapiens		cell line	EFO:0005725
ENCSR753QKD	ENCSR723QGH	DNase-seq	FALSE	muscle of arm	GRCh38	Homo sapiens	female embryo (98 days)	tissue	UBERON:0001499
ENCSR888ZIZ	ENCSR724WPU	DNase-seq	FALSE	head of caudate nucleus	GRCh38	Homo sapiens	male adult (85 years)	tissue	UBERON:0002626
ENCSR365FVU	ENCSR725IHL	DNase-seq	FALSE	posterior cingulate gyrus	GRCh38	Homo sapiens	male adult (78 years)	tissue	UBERON:0002740
ENCSR654GSG	ENCSR725JHA	DNase-seq	FALSE	posterior cingulate gyrus	GRCh38	Homo sapiens	male adult (90 or above years) with Alzheimer's disease	tissue	UBERON:0002740
ENCSR258RSH	ENCSR726OHR	ATAC-seq	FALSE	T-cell	GRCh38	Homo sapiens	male adult (38 years)	primary cell	CL:0000084
ENCSR271QSV	ENCSR728PKQ	DNase-seq	FALSE	common myeloid progenitor, CD34-positive	GRCh38	Homo sapiens	male adult	primary cell	CL:0001059
ENCSR885AWF	ENCSR729AHT	DNase-seq	FALSE	stimulated activated CD4-positive, alpha-beta T cell	GRCh38	Homo sapiens	female adult (33 years) treated with anti-CD3 and anti-CD28 coated beads for 48 hours, 100 ng/mL TNF-alpha for 48 hours	primary cell	NTR:0000663
ENCSR324NVG	ENCSR729AQD	DNase-seq	FALSE	posterior vena cava	GRCh38	Homo sapiens	female adult (47 years)	tissue	UBERON:0001072
ENCSR036VRV	ENCSR731AJS	DNase-seq	FALSE	right kidney	GRCh38	Homo sapiens	female embryo (107 days)	tissue	UBERON:0004539
ENCSR670BGI	ENCSR731MTZ	DNase-seq	FALSE	dorsolateral prefrontal cortex	GRCh38	Homo sapiens	female adult (90 or above years)	tissue	UBERON:0009834
ENCSR917WJS	ENCSR731VRA	ATAC-seq	FALSE	GM18909	GRCh38	Homo sapiens		cell line	CLO:0026235
ENCSR503RWO	ENCSR732YAH	DNase-seq	FALSE	placenta	GRCh38	Homo sapiens	male embryo	tissue	UBERON:0001987
ENCSR587TRP	ENCSR733OLQ	ATAC-seq	FALSE	SK-N-SH	GRCh38	Homo sapiens	treated with 6 μM all-trans-retinoic acid for 48 hours	cell line	EFO:0003072
ENCSR129HDK	ENCSR734ERU	DNase-seq	FALSE	CD8-positive, alpha-beta T cell	GRCh38	Homo sapiens	male adult (42 years)	primary cell	CL:0000625
ENCSR986XLW	ENCSR735RRA	DNase-seq	FALSE	lung	GRCh38	Homo sapiens	embryo (101 days)	tissue	UBERON:0002048
ENCSR470QCE	ENCSR736ZOY	DNase-seq	FALSE	stimulated activated CD4-positive, alpha-beta T cell	GRCh38	Homo sapiens	male adult (38 years) treated with anti-CD3 and anti-CD28 coated beads for 24 hours, 100 ng/mL Interleukin-12 subunit alpha for 24 hours, 100 ng/mL Interleukin-12 subunit beta for 24 hours	primary cell	NTR:0000663
ENCSR000EPY	ENCSR737BDV	DNase-seq	FALSE	SK-N-MC	GRCh38	Homo sapiens		cell line	EFO:0002860
ENCSR000FJH	ENCSR738EET	DNase-seq	FALSE	NCI-H460	GRCh38	Homo sapiens		cell line	EFO:0003044
ENCSR060UPU	ENCSR739OZZ	DNase-seq	FALSE	posterior cingulate gyrus	GRCh38	Homo sapiens	female adult (89 years) with Alzheimer's disease	tissue	UBERON:0002740
ENCSR453RFW	ENCSR739ULY	DNase-seq	FALSE	T-helper 1 cell	GRCh38	Homo sapiens	male adult (24 years)	primary cell	CL:0000545
ENCSR964MZQ	ENCSR740KCQ	DNase-seq	FALSE	trophoblast cell	GRCh38	Homo sapiens	embryo (40 weeks) embryo (39 weeks)	primary cell	CL:0000351
ENCSR114XWV	ENCSR740QNC	DNase-seq	FALSE	stimulated activated naive CD8-positive, alpha-beta T cell	GRCh38	Homo sapiens	male adult (42 years) treated with anti-CD3 and anti-CD28 coated beads for 24 hours, 50 U/mL Interleukin-2 for 24 hours, 100 ng/mL Interleukin-15 for 24 hours	primary cell	NTR:0000667
ENCSR915MTG	ENCSR740TJF	ATAC-seq	FALSE	activated CD8-positive, alpha-beta memory T cell	GRCh38	Homo sapiens	male adult (30 years) treated with anti-CD3 and anti-CD28 coated beads for 7 days, 10 ng/mL Interleukin-2 for 5 days nuclear fraction	primary cell	NTR:0000504
ENCSR134CIY	ENCSR741OGV	DNase-seq	FALSE	activated CD8-positive, alpha-beta memory T cell	GRCh38	Homo sapiens	female adult (33 years) treated with anti-CD3 and anti-CD28 coated beads for 48 hours, 50 U/mL Interleukin-2 for 48 hours	primary cell	NTR:0000504
ENCSR771DAX	ENCSR741ZJG	DNase-seq	FALSE	globus pallidus	GRCh38	Homo sapiens	male adult (84 years) male adult (78 years)	tissue	UBERON:0001875
ENCSR535NOD	ENCSR744ZJP	ATAC-seq	FALSE	dendritic cell	GRCh38	Homo sapiens	treated with 100 ng/mL lipopolysaccharide for 2 hours	in vitro differentiated cells	CL:0000451
ENCSR233DFT	ENCSR745PGS	DNase-seq	FALSE	head of caudate nucleus	GRCh38	Homo sapiens	male adult (83 years)	tissue	UBERON:0002626
ENCSR879EVD	ENCSR745SQE	DNase-seq	FALSE	head of caudate nucleus	GRCh38	Homo sapiens	male adult (83 years)	tissue	UBERON:0002626
ENCSR000EQI	ENCSR745WFF	DNase-seq	FALSE	T-helper 2 cell	GRCh38	Homo sapiens	male adult (33 years)	primary cell	CL:0000546
ENCSR839GHA	ENCSR746AUT	DNase-seq	FALSE	head of caudate nucleus	GRCh38	Homo sapiens	female adult (89 years) with Alzheimer's disease	tissue	UBERON:0002626
ENCSR990NNX	ENCSR746ZND	ATAC-seq	FALSE	upper lobe of right lung	GRCh38	Homo sapiens	male adult (60 years)	tissue	UBERON:0002170
ENCSR510GRY	ENCSR747VAH	DNase-seq	FALSE	posterior cingulate gyrus	GRCh38	Homo sapiens	male adult (83 years)	tissue	UBERON:0002740
ENCSR769DGC	ENCSR748OQR	ATAC-seq	FALSE	heart left ventricle	GRCh38	Homo sapiens	male adult (73 years)	tissue	UBERON:0002084
ENCSR965JHW	ENCSR748RMU	DNase-seq	FALSE	T-cell	GRCh38	Homo sapiens	male adult (25 years)	primary cell	CL:0000084
ENCSR775KLH	ENCSR749LTJ	DNase-seq	FALSE	head of caudate nucleus	GRCh38	Homo sapiens	male adult (87 years) with Alzheimer's disease	tissue	UBERON:0002626
ENCSR680SDS	ENCSR750HIY	DNase-seq	FALSE	left lung	GRCh38	Homo sapiens	female embryo (107 days)	tissue	UBERON:0002168
ENCSR440BPA	ENCSR750RJR	DNase-seq	FALSE	head of caudate nucleus	GRCh38	Homo sapiens	female adult (87 years) with Cognitive impairment, Alzheimer's disease	tissue	UBERON:0002626
ENCSR785ZUI	ENCSR751ECR	DNase-seq	FALSE	WTC11	GRCh38	Homo sapiens		cell line	EFO:0009747
ENCSR740DJQ	ENCSR751LNJ	DNase-seq	FALSE	activated CD4-positive, alpha-beta T cell	GRCh38	Homo sapiens	male adult (42 years) treated with anti-CD3 and anti-CD28 coated beads for 1 hour, 50 U/mL Interleukin-2 for 1 hour	primary cell	CL:0000896
ENCSR355SGJ	ENCSR751NJF	ATAC-seq	FALSE	sigmoid colon	GRCh38	Homo sapiens	female adult (51 years)	tissue	UBERON:0001159
ENCSR260UJJ	ENCSR752DQB	DNase-seq	FALSE	T-helper 1 cell	GRCh38	Homo sapiens	male adult (42 years)	primary cell	CL:0000545
ENCSR102RXG	ENCSR752EUR	ATAC-seq	FALSE	T-cell	GRCh38	Homo sapiens	female adult (33 years)	primary cell	CL:0000084
ENCSR273GCF	ENCSR753AZU	DNase-seq	FALSE	activated T-cell	GRCh38	Homo sapiens	male adult (38 years) treated with anti-CD3 and anti-CD28 coated beads for 4 hours	primary cell	NTR:0000537
ENCSR273USD	ENCSR753CMU	DNase-seq	FALSE	activated CD4-positive, alpha-beta T cell	GRCh38	Homo sapiens	male adult (38 years) treated with anti-CD3 and anti-CD28 coated beads for 24 hours	primary cell	CL:0000896
ENCSR388DHS	ENCSR754PIB	DNase-seq	FALSE	psoas muscle	GRCh38	Homo sapiens	female adult (59 years)	tissue	UBERON:0008450
ENCSR726YMS	ENCSR754RMT	DNase-seq	FALSE	stomach	GRCh38	Homo sapiens	female embryo	tissue	UBERON:0000945
ENCSR593OUE	ENCSR755EAD	DNase-seq	FALSE	activated naive CD4-positive, alpha-beta T cell	GRCh38	Homo sapiens	male adult (42 years) treated with anti-CD3 and anti-CD28 coated beads for 16 hours, 50 U/mL Interleukin-2 for 16 hours	primary cell	NTR:0000497
ENCSR195GUK	ENCSR755WII	DNase-seq	FALSE	posterior cingulate gyrus	GRCh38	Homo sapiens	male adult (82 years)	tissue	UBERON:0002740
ENCSR788SKJ	ENCSR757BQE	DNase-seq	FALSE	T-cell	GRCh38	Homo sapiens	male adult (37 years)	primary cell	CL:0000084
ENCSR010SZN	ENCSR757EAI	DNase-seq	FALSE	head of caudate nucleus	GRCh38	Homo sapiens	female adult (90 or above years) with Alzheimer's disease	tissue	UBERON:0002626
ENCSR295TFY	ENCSR757IZS	ATAC-seq	FALSE	aorta	GRCh38	Homo sapiens	female child (16 years)	tissue	UBERON:0000947
ENCSR247IUJ	ENCSR757NHR	DNase-seq	FALSE	B cell	GRCh38	Homo sapiens	male adult (37 years)	primary cell	CL:0000236
ENCSR872MAO	ENCSR757ROR	ATAC-seq	FALSE	ovary	GRCh38	Homo sapiens	female adult (41 years)	tissue	UBERON:0000992
ENCSR205ECC	ENCSR757ZBB	DNase-seq	FALSE	stimulated activated CD8-positive, alpha-beta memory T cell	GRCh38	Homo sapiens	female adult (33 years) treated with anti-CD3 and anti-CD28 coated beads for 48 hours, 100 ng/mL Interleukin-15 for 48 hours	primary cell	NTR:0000669
ENCSR507DQC	ENCSR759ERC	DNase-seq	FALSE	mucosa of descending colon	GRCh38	Homo sapiens	male adult (26 years)	tissue	UBERON:0004992
ENCSR076YBB	ENCSR760EMJ	DNase-seq	FALSE	lung	GRCh38	Homo sapiens	male embryo (108 days)	tissue	UBERON:0002048
ENCSR851SBY	ENCSR761YGB	ATAC-seq	FALSE	stomach	GRCh38	Homo sapiens	male adult (54 years)	tissue	UBERON:0000945
ENCSR124PXN	ENCSR763BIV	DNase-seq	FALSE	activated CD4-positive, alpha-beta T cell	GRCh38	Homo sapiens	female adult (33 years) treated with anti-CD3 and anti-CD28 coated beads for 4 hours	primary cell	CL:0000896
ENCSR729FNL	ENCSR763OVZ	ATAC-seq	FALSE	posterior cingulate cortex	GRCh38	Homo sapiens	male adult (20 years)	tissue	UBERON:0022353
ENCSR299QGI	ENCSR763XQQ	DNase-seq	FALSE	heart left ventricle	GRCh38	Homo sapiens	male adult (43 years)	tissue	UBERON:0002084
ENCSR624ODL	ENCSR764RSP	ATAC-seq	FALSE	left lobe of liver	GRCh38	Homo sapiens	female adult (61 years)	tissue	UBERON:0001115
ENCSR698VDM	ENCSR764UTK	DNase-seq	FALSE	activated CD4-positive, alpha-beta T cell	GRCh38	Homo sapiens	male adult (42 years) treated with anti-CD3 and anti-CD28 coated beads for 4 hours, 50 U/mL Interleukin-2 for 4 hours	primary cell	CL:0000896
ENCSR954AJK	ENCSR767EVI	DNase-seq	FALSE	Peyer's patch	GRCh38	Homo sapiens	male adult (37 years)	tissue	UBERON:0001211
ENCSR452EGE	ENCSR767FMQ	DNase-seq	FALSE	muscle of arm	GRCh38	Homo sapiens	male embryo (120 days)	tissue	UBERON:0001499
ENCSR335LHS	ENCSR767NGG	ATAC-seq	FALSE	stimulated activated effector memory CD8-positive, alpha-beta T cell	GRCh38	Homo sapiens	male adult (33 years) treated with 100 ng/mL Interleukin-12 subunit alpha for 72 hours, 100 ng/mL Interleukin-12 subunit beta for 72 hours, anti-CD3 and anti-CD28 coated beads for 72 hours	primary cell	NTR:0000668
ENCSR335XRZ	ENCSR769CYN	ATAC-seq	FALSE	stimulated activated effector memory CD8-positive, alpha-beta T cell	GRCh38	Homo sapiens	male adult (36 years) treated with 100 ng/mL Interleukin-12 subunit alpha for 72 hours, 100 ng/mL Interleukin-12 subunit beta for 72 hours, anti-CD3 and anti-CD28 coated beads for 72 hours	primary cell	NTR:0000668
ENCSR335JVB	ENCSR769XEI	ATAC-seq	FALSE	GM19372	GRCh38	Homo sapiens		cell line	CLO:0027429
ENCSR581LHW	ENCSR770IPC	DNase-seq	FALSE	posterior cingulate gyrus	GRCh38	Homo sapiens	female adult (90 or above years) with Alzheimer's disease	tissue	UBERON:0002740
ENCSR301RCD	ENCSR771GLY	DNase-seq	FALSE	renal pelvis	GRCh38	Homo sapiens	male embryo (127 days)	tissue	UBERON:0001224
ENCSR059LXL	ENCSR771RUL	DNase-seq	FALSE	muscle of leg	GRCh38	Homo sapiens	male embryo (96 days)	tissue	UBERON:0001383
ENCSR115YPI	ENCSR771YUP	DNase-seq	FALSE	hematopoietic multipotent progenitor cell	GRCh38	Homo sapiens	male adult (25 years) treated with erythropoietin for 20 days, hydrocortisone succinate for 20 days, kit ligand for 20 days, interleukin-3 for 20 days	in vitro differentiated cells	CL:0000837
ENCSR502GWQ	ENCSR772ATM	DNase-seq	FALSE	stimulated activated CD8-positive, alpha-beta memory T cell	GRCh38	Homo sapiens	male adult (38 years) treated with anti-CD3 and anti-CD28 coated beads for 1 hour, 100 ng/mL Interleukin-2 for 1 hour	primary cell	NTR:0000669
ENCSR983HXF	ENCSR772JLL	ATAC-seq	FALSE	activated naive CD8-positive, alpha-beta T cell	GRCh38	Homo sapiens	male adult (30 years) treated with anti-CD3 and anti-CD28 coated beads for 7 days, 10 ng/mL Interleukin-2 for 5 days nuclear fraction	primary cell	NTR:0000502
ENCSR229BGG	ENCSR772VTJ	DNase-seq	FALSE	memory B cell	GRCh38	Homo sapiens	male adult (40 years)	primary cell	CL:0000787
ENCSR705CNJ	ENCSR773FDM	DNase-seq	FALSE	heart	GRCh38	Homo sapiens	male embryo (72 days) male embryo (76 days)	tissue	UBERON:0000948
ENCSR658UBE	ENCSR773MZG	DNase-seq	FALSE	left lung	GRCh38	Homo sapiens	female child (16 years)	tissue	UBERON:0002168
ENCSR289GZQ	ENCSR773NUG	DNase-seq	FALSE	CD4-positive, alpha-beta T cell	GRCh38	Homo sapiens	male adult (38 years)	primary cell	CL:0000624
ENCSR682ZZT	ENCSR774OVA	DNase-seq	FALSE	head of caudate nucleus	GRCh38	Homo sapiens	female adult (83 years)	tissue	UBERON:0002626
ENCSR658NVL	ENCSR775ARR	DNase-seq	FALSE	stimulated activated CD4-positive, alpha-beta T cell	GRCh38	Homo sapiens	male adult (38 years) treated with anti-CD3 and anti-CD28 coated beads for 48 hours, 100 ng/mL Interleukin-2 for 48 hours	primary cell	NTR:0000663
ENCSR935EVZ	ENCSR775HQN	DNase-seq	FALSE	left lung	GRCh38	Homo sapiens	male embryo (115 days)	tissue	UBERON:0002168
ENCSR610AQP	ENCSR775HRI	ATAC-seq	FALSE	memory B cell	GRCh38	Homo sapiens	male adult (40 years)	primary cell	CL:0000787
ENCSR960EJV	ENCSR775OWR	DNase-seq	FALSE	left lung	GRCh38	Homo sapiens	female embryo (110 days)	tissue	UBERON:0002168
ENCSR872IXQ	ENCSR775SOJ	DNase-seq	FALSE	T-helper 2 cell	GRCh38	Homo sapiens	male adult (30 years)	primary cell	CL:0000546
ENCSR156FDX	ENCSR775URO	ATAC-seq	FALSE	dendritic cell	GRCh38	Homo sapiens	treated with 100 ng/mL lipopolysaccharide for 30 minutes	in vitro differentiated cells	CL:0000451
ENCSR125OEJ	ENCSR777DQL	DNase-seq	FALSE	naive thymus-derived CD4-positive, alpha-beta T cell	GRCh38	Homo sapiens	male adult (50 years)	primary cell	CL:0000895
ENCSR580JBA	ENCSR777VRB	ATAC-seq	FALSE	GM18868	GRCh38	Homo sapiens		cell line	CLO:0026253
ENCSR860UTH	ENCSR778HSA	DNase-seq	FALSE	head of caudate nucleus	GRCh38	Homo sapiens	male adult (86 years)	tissue	UBERON:0002626
ENCSR598RRF	ENCSR778MOH	DNase-seq	FALSE	head of caudate nucleus	GRCh38	Homo sapiens	female adult (87 years)	tissue	UBERON:0002626
ENCSR000EOA	ENCSR778UOK	DNase-seq	FALSE	dermis microvascular lymphatic vessel endothelial cell	GRCh38	Homo sapiens	female	primary cell	CL:2000041
ENCSR895GSY	ENCSR778ZGF	DNase-seq	FALSE	Right ventricle myocardium superior	GRCh38	Homo sapiens	male adult (60 years)	tissue	NTR:0000492
ENCSR555TFE	ENCSR779CZR	DNase-seq	FALSE	fibroblast of skin of left quadriceps	GRCh38	Homo sapiens	male embryo (97 days)	primary cell	NTR:0000522
ENCSR620WAR	ENCSR779JEB	DNase-seq	FALSE	SJSA1	GRCh38	Homo sapiens		cell line	EFO:0002330
ENCSR782SSS	ENCSR779LNM	DNase-seq	FALSE	stomach	GRCh38	Homo sapiens	male adult (34 years)	tissue	UBERON:0000945
ENCSR188JLO	ENCSR779TXM	DNase-seq	FALSE	small intestine	GRCh38	Homo sapiens	male embryo (105 days)	tissue	UBERON:0002108
ENCSR660FSU	ENCSR779VYF	DNase-seq	FALSE	activated T-cell	GRCh38	Homo sapiens	female adult (33 years) treated with anti-CD3 and anti-CD28 coated beads for 4 hours, 50 U/mL Interleukin-2 for 4 hours	primary cell	NTR:0000537
ENCSR587SZC	ENCSR779WBU	DNase-seq	FALSE	head of caudate nucleus	GRCh38	Homo sapiens	female adult (90 or above years) with Alzheimer's disease	tissue	UBERON:0002626
ENCSR902CFR	ENCSR780HLI	ATAC-seq	FALSE	GM21423	GRCh38	Homo sapiens		cell line	CLO:0015947
ENCSR749WVO	ENCSR780JVF	DNase-seq	FALSE	dorsolateral prefrontal cortex	GRCh38	Homo sapiens	male adult (89 years) with mild cognitive impairment	tissue	UBERON:0009834
ENCSR483RKN	ENCSR780QKO	ATAC-seq	FALSE	K562	GRCh38	Homo sapiens		cell line	EFO:0002067
ENCSR080SNF	ENCSR781DEJ	ATAC-seq	FALSE	RWPE2	GRCh38	Homo sapiens		cell line	EFO:0007610
ENCSR282QFE	ENCSR781PDD	DNase-seq	FALSE	stomach	GRCh38	Homo sapiens	female embryo (121 days)	tissue	UBERON:0000945
ENCSR866ODX	ENCSR782JTX	DNase-seq	FALSE	testis	GRCh38	Homo sapiens	male adult (37 years)	tissue	UBERON:0000473
ENCSR180KMR	ENCSR782KPZ	DNase-seq	FALSE	activated CD4-positive, alpha-beta T cell	GRCh38	Homo sapiens	female adult (33 years) treated with anti-CD3 and anti-CD28 coated beads for 4 hours, 50 U/mL Interleukin-2 for 4 hours	primary cell	CL:0000896
ENCSR346GIP	ENCSR783NVB	DNase-seq	FALSE	CD4-positive, alpha-beta T cell	GRCh38	Homo sapiens	male adult (42 years)	primary cell	CL:0000624
ENCSR951XEN	ENCSR784LHF	DNase-seq	FALSE	muscle of arm	GRCh38	Homo sapiens	male embryo (104 days)	tissue	UBERON:0001499
ENCSR451JSB	ENCSR785LJQ	ATAC-seq	FALSE	heart left ventricle	GRCh38	Homo sapiens	female adult (56 years)	tissue	UBERON:0002084
ENCSR122VUW	ENCSR785ONZ	DNase-seq	FALSE	common myeloid progenitor, CD34-positive	GRCh38	Homo sapiens	female adult (27 years)	primary cell	CL:0001059
ENCSR552XJI	ENCSR786QPI	DNase-seq	FALSE	placenta	GRCh38	Homo sapiens	embryo (56 days) embryo (59 days)	tissue	UBERON:0001987
ENCSR259GYP	ENCSR786XHR	DNase-seq	FALSE	adrenal gland	GRCh38	Homo sapiens	female adult (51 years)	tissue	UBERON:0002369
ENCSR735MJZ	ENCSR787HJE	DNase-seq	FALSE	stimulated activated CD8-positive, alpha-beta memory T cell	GRCh38	Homo sapiens	female adult (33 years) treated with anti-CD3 and anti-CD28 coated beads for 4 hours, 100 ng/mL Interleukin-4 for 4 hours	primary cell	NTR:0000669
ENCSR965ZWZ	ENCSR788TAZ	DNase-seq	FALSE	stimulated activated CD4-positive, alpha-beta T cell	GRCh38	Homo sapiens	male adult (38 years) treated with anti-CD3 and anti-CD28 coated beads for 4 hours, 100 ng/mL TNF-alpha for 4 hours	primary cell	NTR:0000663
ENCSR478SWA	ENCSR789FJA	DNase-seq	FALSE	activated naive CD4-positive, alpha-beta T cell	GRCh38	Homo sapiens	male adult (43 years) treated with anti-CD3 and anti-CD28 coated beads for 36 hours	primary cell	NTR:0000497
ENCSR464TKV	ENCSR790UKO	DNase-seq	FALSE	body of pancreas	GRCh38	Homo sapiens	male adult (54 years)	tissue	UBERON:0001150
ENCSR006IMH	ENCSR792CIL	DNase-seq	FALSE	stomach	GRCh38	Homo sapiens	female adult (53 years)	tissue	UBERON:0000945
ENCSR240TZG	ENCSR792HAG	DNase-seq	FALSE	CD4-positive, alpha-beta T cell	GRCh38	Homo sapiens	male adult (42 years)	primary cell	CL:0000624
ENCSR324SGE	ENCSR792OLA	DNase-seq	FALSE	stimulated activated CD4-positive, alpha-beta T cell	GRCh38	Homo sapiens	male adult (38 years) treated with anti-CD3 and anti-CD28 coated beads for 48 hours, 100 ng/mL Interleukin-15 for 48 hours	primary cell	NTR:0000663
ENCSR607BTF	ENCSR792VQM	ATAC-seq	FALSE	right lobe of liver	GRCh38	Homo sapiens	male adult (45 years)	tissue	UBERON:0001114
ENCSR000EML	ENCSR792XWI	DNase-seq	FALSE	naive thymus-derived CD4-positive, alpha-beta T cell	GRCh38	Homo sapiens	male adult (26 years)	primary cell	CL:0000895
ENCSR010ZMK	ENCSR793EFR	DNase-seq	FALSE	muscle of back	GRCh38	Homo sapiens	female embryo (113 days)	tissue	UBERON:0002324
ENCSR014GTH	ENCSR794JFO	DNase-seq	FALSE	dorsolateral prefrontal cortex	GRCh38	Homo sapiens	female adult (81 years) with Alzheimer's disease	tissue	UBERON:0009834
ENCSR662HMO	ENCSR794LQK	DNase-seq	FALSE	NAMALWA	GRCh38	Homo sapiens		cell line	EFO:0002246
ENCSR863LZT	ENCSR794QQS	DNase-seq	FALSE	T-cell	GRCh38	Homo sapiens	male adult (39 years)	primary cell	CL:0000084
ENCSR297VGU	ENCSR794TEU	ATAC-seq	FALSE	kidney	GRCh38	Homo sapiens	female adult (47 years)	tissue	UBERON:0002113
ENCSR246PXX	ENCSR794VJG	DNase-seq	FALSE	stomach	GRCh38	Homo sapiens	male child (3 years)	tissue	UBERON:0000945
ENCSR009MDC	ENCSR794YME	DNase-seq	FALSE	activated naive CD8-positive, alpha-beta T cell	GRCh38	Homo sapiens	male adult (30 years) treated with anti-CD3 and anti-CD28 coated beads for 7 days, 10 ng/mL Interleukin-2 for 5 days	primary cell	NTR:0000502
ENCSR107XZC	ENCSR795IQN	DNase-seq	FALSE	stimulated activated CD4-positive, alpha-beta T cell	GRCh38	Homo sapiens	male adult (38 years) treated with anti-CD3 and anti-CD28 coated beads for 4 hours, 100 ng/mL Interleukin-4 for 4 hours	primary cell	NTR:0000663
ENCSR381PXW	ENCSR797RDX	DNase-seq	FALSE	B cell	GRCh38	Homo sapiens	male adult (21 years)	primary cell	CL:0000236
ENCSR082XEU	ENCSR798CPE	DNase-seq	FALSE	stomach	GRCh38	Homo sapiens	female embryo (107 days)	tissue	UBERON:0000945
ENCSR302PTB	ENCSR798FBD	ATAC-seq	FALSE	stimulated activated memory B cell	GRCh38	Homo sapiens	male adult (40 years) treated with 10 μg/mL anti-IgM for 72 hours, 1 μg/mL anti-CD40 for 72 hours, 100 ng/mL Interleukin-4 for 72 hours	primary cell	NTR:0000662
ENCSR335EYA	ENCSR798IHN	DNase-seq	FALSE	stimulated activated CD8-positive, alpha-beta memory T cell	GRCh38	Homo sapiens	male adult (38 years) treated with anti-CD3 and anti-CD28 coated beads for 1 hour, 100 ng/mL Interleukin-12 subunit alpha for 1 hour, 100 ng/mL Interleukin-12 subunit beta for 1 hour	primary cell	NTR:0000669
ENCSR872WGW	ENCSR799MEK	ATAC-seq	FALSE	HCT116	GRCh38	Homo sapiens		cell line	EFO:0002824
ENCSR186NTL	ENCSR801GOY	DNase-seq	FALSE	T-cell	GRCh38	Homo sapiens	female adult (43 years)	primary cell	CL:0000084
ENCSR625WLB	ENCSR801SWT	DNase-seq	FALSE	CD8-positive, alpha-beta memory T cell	GRCh38	Homo sapiens	male adult (30 years)	primary cell	CL:0000909
ENCSR179CDH	ENCSR802XPE	DNase-seq	FALSE	trophoblast cell	GRCh38	Homo sapiens	male embryo	in vitro differentiated cells	CL:0000351
ENCSR736CIN	ENCSR803VRT	ATAC-seq	FALSE	left cardiac atrium	GRCh38	Homo sapiens	female adult (66 years)	tissue	UBERON:0002079
ENCSR627UDJ	ENCSR806CDG	DNase-seq	FALSE	T-cell	GRCh38	Homo sapiens	male adult (36 years)	primary cell	CL:0000084
ENCSR092WMD	ENCSR806RQQ	DNase-seq	FALSE	left renal cortex interstitium	GRCh38	Homo sapiens	male embryo (105 days)	tissue	UBERON:0018117
ENCSR148MFM	ENCSR808GMI	DNase-seq	FALSE	spinal cord	GRCh38	Homo sapiens	male embryo (105 days)	tissue	UBERON:0002240
ENCSR126EVX	ENCSR808PEA	DNase-seq	FALSE	CD4-positive, alpha-beta T cell	GRCh38	Homo sapiens	female adult (33 years)	primary cell	CL:0000624
ENCSR660WSB	ENCSR808PZL	ATAC-seq	FALSE	DND-41	GRCh38	Homo sapiens		cell line	EFO:0007074
ENCSR788SOI	ENCSR809DZZ	DNase-seq	FALSE	spinal cord	GRCh38	Homo sapiens	male embryo (96 days)	tissue	UBERON:0002240
ENCSR235OZX	ENCSR809MEH	DNase-seq	FALSE	CD8-positive, alpha-beta T cell	GRCh38	Homo sapiens	female adult (33 years)	primary cell	CL:0000625
ENCSR839UOB	ENCSR809YVS	ATAC-seq	FALSE	HG03432	GRCh38	Homo sapiens		cell line	EFO:0010879
ENCSR962VJO	ENCSR810FNZ	DNase-seq	FALSE	adrenal gland	GRCh38	Homo sapiens	female child (16 years)	tissue	UBERON:0002369
ENCSR924IHU	ENCSR810GRE	DNase-seq	FALSE	posterior cingulate gyrus	GRCh38	Homo sapiens	female adult (84 years)	tissue	UBERON:0002740
ENCSR822BAD	ENCSR811MAY	ATAC-seq	FALSE	right cardiac atrium	GRCh38	Homo sapiens	female adult (46 years)	tissue	UBERON:0002078
ENCSR155NBS	ENCSR811XVY	DNase-seq	FALSE	CD4-positive, alpha-beta T cell	GRCh38	Homo sapiens	female adult (33 years)	primary cell	CL:0000624
ENCSR284GAG	ENCSR813GGO	DNase-seq	FALSE	stimulated activated CD4-positive, alpha-beta T cell	GRCh38	Homo sapiens	male adult (42 years) treated with anti-CD3 and anti-CD28 coated beads for 4 hours, 100 ng/mL Interleukin-4 for 4 hours	primary cell	NTR:0000663
ENCSR133SPH	ENCSR814ZUK	DNase-seq	FALSE	large intestine	GRCh38	Homo sapiens	female embryo (120 days)	tissue	UBERON:0000059
ENCSR000EMK	ENCSR816AQM	DNase-seq	FALSE	hematopoietic multipotent progenitor cell	GRCh38	Homo sapiens	male	in vitro differentiated cells	CL:0000837
ENCSR566LZT	ENCSR818WFA	ATAC-seq	FALSE	dendritic cell	GRCh38	Homo sapiens	treated with lipopolysaccharide	in vitro differentiated cells	CL:0000451
ENCSR000EPT	ENCSR819AEB	DNase-seq	FALSE	Panc1	GRCh38	Homo sapiens		cell line	EFO:0002713
ENCSR928SYE	ENCSR819BCH	DNase-seq	FALSE	left renal cortex interstitium	GRCh38	Homo sapiens	male embryo (105 days)	tissue	UBERON:0018117
ENCSR609GST	ENCSR819FQP	ATAC-seq	FALSE	esophagus muscularis mucosa	GRCh38	Homo sapiens	male adult (54 years)	tissue	UBERON:0004648
ENCSR096VEO	ENCSR819NPJ	ATAC-seq	FALSE	HG03135	GRCh38	Homo sapiens		cell line	EFO:0010870
ENCSR144NXI	ENCSR820GUH	DNase-seq	FALSE	activated CD4-positive, alpha-beta T cell	GRCh38	Homo sapiens	male adult (42 years) treated with anti-CD3 and anti-CD28 coated beads for 48 hours, 50 U/mL Interleukin-2 for 48 hours	primary cell	CL:0000896
ENCSR383SNM	ENCSR820XEK	DNase-seq	FALSE	iPS DF 19.11	GRCh38	Homo sapiens		cell line	EFO:0007096
ENCSR933VOY	ENCSR821ABU	DNase-seq	FALSE	activated CD8-positive, alpha-beta memory T cell	GRCh38	Homo sapiens	male adult (38 years) treated with anti-CD3 and anti-CD28 coated beads for 24 hours	primary cell	NTR:0000504
ENCSR305WAA	ENCSR822LTO	DNase-seq	FALSE	head of caudate nucleus	GRCh38	Homo sapiens	female adult (90 or above years) with mild cognitive impairment	tissue	UBERON:0002626
ENCSR962EAP	ENCSR822NGA	DNase-seq	FALSE	thymus	GRCh38	Homo sapiens	male embryo (104 days)	tissue	UBERON:0002370
ENCSR946MVP	ENCSR822RPX	DNase-seq	FALSE	SK-N-DZ	GRCh38	Homo sapiens		cell line	EFO:0005721
ENCSR336RGT	ENCSR823CJN	DNase-seq	FALSE	placenta	GRCh38	Homo sapiens	male embryo	tissue	UBERON:0001987
ENCSR217RVH	ENCSR823PNJ	DNase-seq	FALSE	fibroblast of skin of right quadriceps	GRCh38	Homo sapiens	male embryo (97 days)	primary cell	NTR:0000523
ENCSR799MAX	ENCSR823WJW	DNase-seq	FALSE	stimulated activated CD4-positive, alpha-beta T cell	GRCh38	Homo sapiens	male adult (38 years) treated with anti-CD3 and anti-CD28 coated beads for 24 hours, 100 ng/mL Interleukin-23 for 24 hours, 100 ng/mL Interleukin-1b for 24 hours	primary cell	NTR:0000663
ENCSR450PWF	ENCSR824KPK	DNase-seq	FALSE	thyroid gland	GRCh38	Homo sapiens	female adult (51 years)	tissue	UBERON:0002046
ENCSR814KRX	ENCSR824NOI	DNase-seq	FALSE	HT-29	GRCh38	Homo sapiens		cell line	EFO:0001193
ENCSR000EPI	ENCSR824TDB	DNase-seq	TRUE	MCF-7	GRCh38	Homo sapiens	treated with 100 nM estradiol for 1 hour	cell line	EFO:0001203
ENCSR501FWC	ENCSR827EDQ	DNase-seq	FALSE	heart left ventricle	GRCh38	Homo sapiens	female embryo (136 days)	tissue	UBERON:0002084
ENCSR921PPJ	ENCSR828GVT	DNase-seq	FALSE	dorsolateral prefrontal cortex	GRCh38	Homo sapiens	female adult (83 years) with mild cognitive impairment	tissue	UBERON:0009834
ENCSR129KIV	ENCSR828UUI	DNase-seq	FALSE	renal cortex interstitium	GRCh38	Homo sapiens	male embryo (108 days)	tissue	UBERON:0005270
ENCSR306BHE	ENCSR828XVB	DNase-seq	FALSE	RWPE2	GRCh38	Homo sapiens		cell line	EFO:0007610
ENCSR364MFN	ENCSR829DOW	DNase-seq	FALSE	hepatocyte	GRCh38	Homo sapiens	female embryo (5 days)	in vitro differentiated cells	CL:0000182
ENCSR147QLU	ENCSR829QXM	DNase-seq	FALSE	stimulated activated CD4-positive, alpha-beta T cell	GRCh38	Homo sapiens	male adult (38 years) treated with anti-CD3 and anti-CD28 coated beads for 24 hours, 100 ng/mL TNF-alpha for 24 hours	primary cell	NTR:0000663
ENCSR222CLC	ENCSR830ING	DNase-seq	FALSE	heart left ventricle	GRCh38	Homo sapiens	male adult (69 years)	tissue	UBERON:0002084
ENCSR841LHT	ENCSR830MQP	ATAC-seq	FALSE	CD4-positive, alpha-beta T cell	GRCh38	Homo sapiens	male adult (20 years)	primary cell	CL:0000624
ENCSR742HBK	ENCSR831KWY	DNase-seq	FALSE	head of caudate nucleus	GRCh38	Homo sapiens	male adult (86 years)	tissue	UBERON:0002626
ENCSR520WTV	ENCSR832RLE	DNase-seq	FALSE	SJSA1	GRCh38	Homo sapiens		cell line	EFO:0002330
ENCSR606QDB	ENCSR834WHJ	DNase-seq	FALSE	dorsolateral prefrontal cortex	GRCh38	Homo sapiens	male adult (82 years)	tissue	UBERON:0009834
ENCSR428ZCP	ENCSR835NKB	DNase-seq	FALSE	dorsolateral prefrontal cortex	GRCh38	Homo sapiens	female adult (90 or above years) with Cognitive impairment, Alzheimer's disease	tissue	UBERON:0009834
ENCSR026EOM	ENCSR835QBO	DNase-seq	FALSE	brain	GRCh38	Homo sapiens	female embryo (85 days)	tissue	UBERON:0000955
ENCSR679NRJ	ENCSR835SKI	ATAC-seq	FALSE	dendritic cell	GRCh38	Homo sapiens	treated with 100 ng/mL lipopolysaccharide for 1 hour	in vitro differentiated cells	CL:0000451
ENCSR859HEW	ENCSR836HQP	DNase-seq	FALSE	posterior cingulate gyrus	GRCh38	Homo sapiens	female adult (90 or above years) with mild cognitive impairment	tissue	UBERON:0002740
ENCSR214NLQ	ENCSR836KXF	DNase-seq	FALSE	heart right ventricle	GRCh38	Homo sapiens	male adult (69 years)	tissue	UBERON:0002080
ENCSR933GMM	ENCSR836SEK	DNase-seq	FALSE	right lobe of liver	GRCh38	Homo sapiens	female adult (41 years)	tissue	UBERON:0001114
ENCSR515PDV	ENCSR836WUG	DNase-seq	FALSE	activated naive CD4-positive, alpha-beta T cell	GRCh38	Homo sapiens	male adult (50 years) treated with 50 U/mL Interleukin-2 for 72 hours, anti-CD3 and anti-CD28 coated beads for 72 hours	primary cell	NTR:0000497
ENCSR000EPD	ENCSR838EIU	DNase-seq	FALSE	myocyte	GRCh38	Homo sapiens	male adult (41 years)	in vitro differentiated cells	CL:0000187
ENCSR910OQF	ENCSR838NPI	DNase-seq	FALSE	spinal cord	GRCh38	Homo sapiens	male embryo (72 days) female embryo (59 days)	tissue	UBERON:0002240
ENCSR213WNV	ENCSR838QAY	DNase-seq	FALSE	T-cell	GRCh38	Homo sapiens	male adult (38 years)	primary cell	CL:0000084
ENCSR776BTO	ENCSR838UZA	DNase-seq	FALSE	activated CD8-positive, alpha-beta T cell	GRCh38	Homo sapiens	male adult (21 years) treated with 10 ng/mL Interleukin-2 for 5 days, anti-CD3 and anti-CD28 coated beads for 7 days	primary cell	CL:0000906
ENCSR182VGJ	ENCSR838ZQX	ATAC-seq	FALSE	spleen	GRCh38	Homo sapiens	female adult (59 years)	tissue	UBERON:0002106
ENCSR491VKV	ENCSR839CXN	ATAC-seq	FALSE	heart right ventricle	GRCh38	Homo sapiens	male adult (73 years)	tissue	UBERON:0002080
ENCSR274XTS	ENCSR839SCD	DNase-seq	FALSE	activated CD8-positive, alpha-beta memory T cell	GRCh38	Homo sapiens	male adult (38 years) treated with anti-CD3 and anti-CD28 coated beads for 48 hours, 50 U/mL Interleukin-2 for 48 hours	primary cell	NTR:0000504
ENCSR000EPM	ENCSR840BKO	DNase-seq	FALSE	astrocyte	GRCh38	Homo sapiens		primary cell	CL:0000127
ENCSR239MQN	ENCSR841SNB	DNase-seq	FALSE	head of caudate nucleus	GRCh38	Homo sapiens	female adult (82 years)	tissue	UBERON:0002626
ENCSR881FBS	ENCSR842PBG	DNase-seq	FALSE	head of caudate nucleus	GRCh38	Homo sapiens	female adult (88 years)	tissue	UBERON:0002626
ENCSR548MMD	ENCSR842TKW	DNase-seq	FALSE	EH	GRCh38	Homo sapiens		cell line	EFO:0007748
ENCSR208NBF	ENCSR842VHJ	ATAC-seq	FALSE	dendritic cell	GRCh38	Homo sapiens	treated with 100 ng/mL lipopolysaccharide for 2 hours	in vitro differentiated cells	CL:0000451
ENCSR020LUD	ENCSR842ZPS	DNase-seq	FALSE	CD8-positive, alpha-beta T cell	GRCh38	Homo sapiens	male adult (21 years)	primary cell	CL:0000625
ENCSR603LVR	ENCSR843FCA	ATAC-seq	FALSE	B cell	GRCh38	Homo sapiens	male adult (22 years)	primary cell	CL:0000236
ENCSR337UIU	ENCSR843HJF	ATAC-seq	FALSE	stomach	GRCh38	Homo sapiens	female adult (53 years)	tissue	UBERON:0000945
ENCSR913NYL	ENCSR843IAZ	DNase-seq	FALSE	renal pelvis	GRCh38	Homo sapiens	male embryo (108 days)	tissue	UBERON:0001224
ENCSR131HOY	ENCSR843NKK	ATAC-seq	FALSE	motor neuron	GRCh38	Homo sapiens	female adult with amyotrophic lateral sclerosis	in vitro differentiated cells	CL:0000100
ENCSR422PVL	ENCSR844BAV	DNase-seq	FALSE	left kidney	GRCh38	Homo sapiens	female embryo (147 days)	tissue	UBERON:0004538
ENCSR820ICX	ENCSR844KBU	DNase-seq	FALSE	retina	GRCh38	Homo sapiens	female embryo (89 days)	tissue	UBERON:0000966
ENCSR320TUJ	ENCSR844LSP	DNase-seq	FALSE	common myeloid progenitor, CD34-positive	GRCh38	Homo sapiens	female adult (50 years)	primary cell	CL:0001059
ENCSR377CRU	ENCSR844YHV	DNase-seq	FALSE	stimulated activated CD8-positive, alpha-beta memory T cell	GRCh38	Homo sapiens	male adult (38 years) treated with anti-CD3 and anti-CD28 coated beads for 4 hours, 100 ng/mL Interleukin-7 for 4 hours	primary cell	NTR:0000669
ENCSR337IRF	ENCSR844ZPF	DNase-seq	FALSE	RCC	GRCh38	Homo sapiens		cell line	EFO:0000681
ENCSR554WGQ	ENCSR845EWD	ATAC-seq	FALSE	HG03280	GRCh38	Homo sapiens		cell line	EFO:0010875
ENCSR163QXS	ENCSR845NEQ	DNase-seq	FALSE	CD4-positive, alpha-beta T cell	GRCh38	Homo sapiens	female adult (33 years)	primary cell	CL:0000624
ENCSR474XFV	ENCSR846DLY	ATAC-seq	FALSE	thyroid gland	GRCh38	Homo sapiens	male adult (54 years)	tissue	UBERON:0002046
ENCSR177JWR	ENCSR848OXW	ATAC-seq	FALSE	right cardiac atrium	GRCh38	Homo sapiens	female adult (59 years)	tissue	UBERON:0002078
ENCSR540PVZ	ENCSR848TND	DNase-seq	FALSE	right renal pelvis	GRCh38	Homo sapiens	male embryo (120 days)	tissue	UBERON:0018116
ENCSR889WKL	ENCSR849AMW	DNase-seq	FALSE	HL-60	GRCh38	Homo sapiens		cell line	EFO:0002793
ENCSR173NHL	ENCSR849LXO	DNase-seq	FALSE	head of caudate nucleus	GRCh38	Homo sapiens	female adult (90 or above years)	tissue	UBERON:0002626
ENCSR157OSO	ENCSR849TOG	ATAC-seq	FALSE	heart right ventricle	GRCh38	Homo sapiens	female adult (47 years)	tissue	UBERON:0002080
ENCSR000ENB	ENCSR850BLY	DNase-seq	FALSE	astrocyte of the spinal cord	GRCh38	Homo sapiens		primary cell	CL:0002606
ENCSR133QZB	ENCSR851ICD	DNase-seq	FALSE	CD8-positive, alpha-beta T cell	GRCh38	Homo sapiens	female adult (33 years)	primary cell	CL:0000625
ENCSR971MMF	ENCSR854AOU	DNase-seq	FALSE	activated CD8-positive, alpha-beta memory T cell	GRCh38	Homo sapiens	male adult (38 years) treated with anti-CD3 and anti-CD28 coated beads for 48 hours	primary cell	NTR:0000504
ENCSR999VDH	ENCSR855ANC	DNase-seq	FALSE	pancreas	GRCh38	Homo sapiens	female adult (59 years)	tissue	UBERON:0001264
ENCSR567EEO	ENCSR855EMN	DNase-seq	FALSE	spleen	GRCh38	Homo sapiens	female adult (61 years)	tissue	UBERON:0002106
ENCSR000EPQ	ENCSR855OSM	DNase-seq	FALSE	keratinocyte	GRCh38	Homo sapiens	female	primary cell	CL:0000312
ENCSR357AWH	ENCSR858DQL	DNase-seq	FALSE	upper lobe of right lung	GRCh38	Homo sapiens	male adult (60 years)	tissue	UBERON:0002170
ENCSR532CRI	ENCSR858EVI	DNase-seq	FALSE	limb	GRCh38	Homo sapiens	embryo (59 days) embryo (58 days)	tissue	UBERON:0002101
ENCSR459PVP	ENCSR860FGK	ATAC-seq	FALSE	motor neuron	GRCh38	Homo sapiens	male adult (55 years) with amyotrophic lateral sclerosis	in vitro differentiated cells	CL:0000100
ENCSR926GDT	ENCSR861JCR	ATAC-seq	FALSE	dendritic cell	GRCh38	Homo sapiens	treated with 100 ng/mL lipopolysaccharide for 4 hours	in vitro differentiated cells	CL:0000451
ENCSR000EMF	ENCSR862EQC	DNase-seq	FALSE	HS-27A	GRCh38	Homo sapiens		cell line	EFO:0005283
ENCSR169KNO	ENCSR863BVZ	DNase-seq	FALSE	progenitor cell of endocrine pancreas	GRCh38	Homo sapiens	female embryo (5 days)	in vitro differentiated cells	CL:0002351
ENCSR664PKM	ENCSR864YYM	DNase-seq	FALSE	heart	GRCh38	Homo sapiens	female embryo (76 days) embryo (59 days)	tissue	UBERON:0000948
ENCSR261PWP	ENCSR866REJ	ATAC-seq	FALSE	activated CD4-positive, CD25-positive, alpha-beta regulatory T cell	GRCh38	Homo sapiens	male adult (42 years) treated with anti-CD3 and anti-CD28 coated beads for 24 hours, 50 U/mL Interleukin-2 for 24 hours	primary cell	NTR:0004148
ENCSR914DTI	ENCSR867AUW	ATAC-seq	FALSE	thyroid gland	GRCh38	Homo sapiens	female adult (53 years)	tissue	UBERON:0002046
ENCSR617SVO	ENCSR867GZJ	DNase-seq	FALSE	dorsolateral prefrontal cortex	GRCh38	Homo sapiens	female adult (90 or above years) with mild cognitive impairment	tissue	UBERON:0009834
ENCSR296TFH	ENCSR868BMM	DNase-seq	FALSE	naive thymus-derived CD8-positive, alpha-beta T cell	GRCh38	Homo sapiens	male adult (24 years)	primary cell	CL:0000900
ENCSR588JXI	ENCSR868XDI	DNase-seq	FALSE	left renal cortex interstitium	GRCh38	Homo sapiens	male embryo (105 days)	tissue	UBERON:0018117
ENCSR846VLJ	ENCSR869SLC	ATAC-seq	FALSE	sigmoid colon	GRCh38	Homo sapiens	female adult (53 years)	tissue	UBERON:0001159
ENCSR724INK	ENCSR869TPR	DNase-seq	FALSE	effector memory CD4-positive, alpha-beta T cell	GRCh38	Homo sapiens	male adult (56 years)	primary cell	CL:0000905
ENCSR153LHP	ENCSR869YPU	DNase-seq	FALSE	foreskin fibroblast	GRCh38	Homo sapiens	male newborn	primary cell	CL:1001608
ENCSR212LAZ	ENCSR870FAP	ATAC-seq	FALSE	fallopian tube	GRCh38	Homo sapiens	female adult (59 years)	tissue	UBERON:0003889
ENCSR299BQG	ENCSR870KZC	DNase-seq	FALSE	T-cell	GRCh38	Homo sapiens	female adult (22 years)	primary cell	CL:0000084
ENCSR108PUO	ENCSR871HMB	DNase-seq	FALSE	GM23338	GRCh38	Homo sapiens		cell line	EFO:0007950
ENCSR153IUB	ENCSR872ETC	ATAC-seq	FALSE	mucosa of urinary bladder	GRCh38	Homo sapiens	male adult (26 years)	tissue	UBERON:0001259
ENCSR778DWG	ENCSR872HWV	DNase-seq	FALSE	activated naive CD4-positive, alpha-beta T cell	GRCh38	Homo sapiens	male adult (38 years) treated with anti-CD3 and anti-CD28 coated beads for 16 hours, 50 U/mL Interleukin-2 for 16 hours	primary cell	NTR:0000497
ENCSR731ODJ	ENCSR872ONH	ATAC-seq	FALSE	left cardiac atrium	GRCh38	Homo sapiens	female adult (58 years)	tissue	UBERON:0002079
ENCSR729TYE	ENCSR873ZRY	DNase-seq	FALSE	posterior cingulate gyrus	GRCh38	Homo sapiens	female adult (90 or above years)	tissue	UBERON:0002740
ENCSR615WIN	ENCSR875BHJ	DNase-seq	FALSE	spinal cord	GRCh38	Homo sapiens	female embryo (89 days)	tissue	UBERON:0002240
ENCSR988YKR	ENCSR875FPK	DNase-seq	FALSE	kidney capillary endothelial cell	GRCh38	Homo sapiens	female embryo (113 days)	primary cell	CL:1000892
ENCSR006XFA	ENCSR876CEU	DNase-seq	FALSE	posterior cingulate gyrus	GRCh38	Homo sapiens	female adult (82 years)	tissue	UBERON:0002740
ENCSR945RWN	ENCSR876FNB	DNase-seq	FALSE	small intestine	GRCh38	Homo sapiens	male embryo (108 days)	tissue	UBERON:0002108
ENCSR637OPZ	ENCSR877IYJ	ATAC-seq	FALSE	stimulated activated naive CD8-positive, alpha-beta T cell	GRCh38	Homo sapiens	male adult (36 years) treated with 100 ng/mL Interleukin-15 for 72 hours, anti-CD3 and anti-CD28 coated beads for 72 hours	primary cell	NTR:0000667
ENCSR975LGK	ENCSR877QBD	DNase-seq	FALSE	natural killer cell	GRCh38	Homo sapiens	male adult (33 years)	primary cell	CL:0000623
ENCSR885ZBV	ENCSR877WHN	DNase-seq	FALSE	posterior cingulate gyrus	GRCh38	Homo sapiens	female adult (90 or above years) with mild cognitive impairment	tissue	UBERON:0002740
ENCSR933HFM	ENCSR878DJX	DNase-seq	FALSE	stimulated activated CD4-positive, alpha-beta T cell	GRCh38	Homo sapiens	male adult (38 years) treated with anti-CD3 and anti-CD28 coated beads for 4 hours, 100 ng/mL Interleukin-12 subunit alpha for 4 hours, 100 ng/mL Interleukin-12 subunit beta for 4 hours	primary cell	NTR:0000663
ENCSR474HQW	ENCSR878FQY	DNase-seq	FALSE	stimulated activated CD8-positive, alpha-beta memory T cell	GRCh38	Homo sapiens	male adult (38 years) treated with anti-CD3 and anti-CD28 coated beads for 4 hours, 100 ng/mL Interleukin-15 for 4 hours	primary cell	NTR:0000669
ENCSR279SXQ	ENCSR878HAK	DNase-seq	FALSE	left colon	GRCh38	Homo sapiens	female adult (46 years)	tissue	UBERON:0008971
ENCSR166KPV	ENCSR878LZM	DNase-seq	FALSE	endodermal cell	GRCh38	Homo sapiens	female embryo (5 days)	in vitro differentiated cells	CL:0000223
ENCSR964WHY	ENCSR878NYN	DNase-seq	FALSE	H9	GRCh38	Homo sapiens	stably expressing C-terminal DsRed-tagged CDT1, stably expressing N-terminal eGFP-tagged GMNN G1b phase	cell line	EFO:0003045
ENCSR548QCP	ENCSR878ZYG	ATAC-seq	FALSE	sigmoid colon	GRCh38	Homo sapiens	male adult (37 years)	tissue	UBERON:0001159
ENCSR019MZH	ENCSR879DUF	DNase-seq	FALSE	stimulated activated CD4-positive, alpha-beta T cell	GRCh38	Homo sapiens	female adult (33 years) treated with anti-CD3 and anti-CD28 coated beads for 24 hours, 100 ng/mL Interleukin-2 for 24 hours	primary cell	NTR:0000663
ENCSR856QJX	ENCSR879UIA	DNase-seq	FALSE	adrenal gland	GRCh38	Homo sapiens	male embryo (85 days)	tissue	UBERON:0002369
ENCSR735BIM	ENCSR880XSD	DNase-seq	FALSE	common myeloid progenitor, CD34-positive	GRCh38	Homo sapiens	male adult (43 years)	primary cell	CL:0001059
ENCSR422SUG	ENCSR881JYD	ATAC-seq	FALSE	MCF-7	GRCh38	Homo sapiens		cell line	EFO:0001203
ENCSR294YEJ	ENCSR881ZKT	DNase-seq	FALSE	activated CD8-positive, alpha-beta T cell	GRCh38	Homo sapiens	male adult (21 years) treated with anti-CD3 and anti-CD28 coated beads for 36 hours	primary cell	CL:0000906
ENCSR943MRO	ENCSR882VUI	DNase-seq	FALSE	posterior cingulate gyrus	GRCh38	Homo sapiens	female adult (85 years)	tissue	UBERON:0002740
ENCSR717BBR	ENCSR883PJQ	DNase-seq	FALSE	head of caudate nucleus	GRCh38	Homo sapiens	male adult (90 or above years) with mild cognitive impairment	tissue	UBERON:0002626
ENCSR863TVR	ENCSR883XHP	ATAC-seq	FALSE	stimulated activated naive CD8-positive, alpha-beta T cell	GRCh38	Homo sapiens	male adult (33 years) treated with anti-CD3 and anti-CD28 coated beads for 72 hours, 100 ng/mL Interleukin-15 for 72 hours	primary cell	NTR:0000667
ENCSR173HPQ	ENCSR884EKY	DNase-seq	FALSE	activated CD4-positive, alpha-beta T cell	GRCh38	Homo sapiens	female adult (33 years) treated with anti-CD3 and anti-CD28 coated beads for 1 hour	primary cell	CL:0000896
ENCSR512CWR	ENCSR884IFQ	DNase-seq	FALSE	umbilical cord	GRCh38	Homo sapiens	embryo (59 days) male embryo (76 days)	tissue	UBERON:0002331
ENCSR000EOK	ENCSR884QAZ	DNase-seq	FALSE	renal cortical epithelial cell	GRCh38	Homo sapiens		primary cell	CL:0002584
ENCSR000ENY	ENCSR884VBU	DNase-seq	FALSE	dermis blood vessel endothelial cell	GRCh38	Homo sapiens	female adult	primary cell	CL:2000010
ENCSR050VTC	ENCSR885NTV	DNase-seq	FALSE	stimulated activated CD4-positive, alpha-beta T cell	GRCh38	Homo sapiens	male adult (42 years) treated with anti-CD3 and anti-CD28 coated beads for 24 hours, 100 ng/mL Interleukin-23 for 24 hours, 100 ng/mL Interleukin-1b for 24 hours	primary cell	NTR:0000663
ENCSR212LYK	ENCSR886DNL	ATAC-seq	FALSE	heart right ventricle	GRCh38	Homo sapiens	female adult (46 years)	tissue	UBERON:0002080
ENCSR996ZCR	ENCSR886QCR	ATAC-seq	FALSE	ovary	GRCh38	Homo sapiens	female adult (46 years)	tissue	UBERON:0000992
ENCSR366KPR	ENCSR886YTD	DNase-seq	FALSE	CD4-positive, alpha-beta T cell	GRCh38	Homo sapiens	male adult (38 years)	primary cell	CL:0000624
ENCSR615YIL	ENCSR887IVZ	ATAC-seq	FALSE	HG03139	GRCh38	Homo sapiens		cell line	EFO:0010871
ENCSR622CAH	ENCSR887XQO	DNase-seq	FALSE	muscle of leg	GRCh38	Homo sapiens	male embryo (127 days)	tissue	UBERON:0001383
ENCSR621ENC	ENCSR889CEX	DNase-seq	FALSE	retina	GRCh38	Homo sapiens	embryo (85 days) embryo (74 days)	tissue	UBERON:0000966
ENCSR628NEA	ENCSR889XMX	DNase-seq	FALSE	right lobe of liver	GRCh38	Homo sapiens	male adult (45 years)	tissue	UBERON:0001114
ENCSR419MZH	ENCSR892BZF	DNase-seq	FALSE	adrenal gland	GRCh38	Homo sapiens	female embryo (108 days)	tissue	UBERON:0002369
ENCSR510ITB	ENCSR892FMX	DNase-seq	FALSE	left lung	GRCh38	Homo sapiens	male embryo (91 days)	tissue	UBERON:0002168
ENCSR015FZF	ENCSR892SCD	DNase-seq	FALSE	stimulated activated CD4-positive, alpha-beta T cell	GRCh38	Homo sapiens	male adult (38 years) treated with anti-CD3 and anti-CD28 coated beads for 24 hours, 100 ng/mL Interleukin-4 for 24 hours	primary cell	NTR:0000663
ENCSR342NCX	ENCSR892XBW	DNase-seq	FALSE	thymus	GRCh38	Homo sapiens	female embryo (113 days)	tissue	UBERON:0002370
ENCSR014VAC	ENCSR892XHO	DNase-seq	FALSE	right renal cortex interstitium	GRCh38	Homo sapiens	male embryo (105 days)	tissue	UBERON:0018118
ENCSR747SEU	ENCSR892ZTM	DNase-seq	FALSE	heart left ventricle	GRCh38	Homo sapiens	female adult (46 years)	tissue	UBERON:0002084
ENCSR000ENR	ENCSR893IIV	DNase-seq	FALSE	HFF-Myc	GRCh38	Homo sapiens		cell line	EFO:0005710
ENCSR475VQD	ENCSR893WKR	DNase-seq	FALSE	brain	GRCh38	Homo sapiens	male embryo (72 days) male embryo (76 days)	tissue	UBERON:0000955
ENCSR605SQL	ENCSR894QMU	DNase-seq	FALSE	stimulated activated CD4-positive, alpha-beta T cell	GRCh38	Homo sapiens	male adult (38 years) treated with anti-CD3 and anti-CD28 coated beads for 4 hours, 100 ng/mL Interleukin-23 for 4 hours, 100 ng/mL Interleukin-1b for 4 hours	primary cell	NTR:0000663
ENCSR441MMO	ENCSR894UGP	DNase-seq	FALSE	right lung	GRCh38	Homo sapiens	female embryo (110 days)	tissue	UBERON:0002167
ENCSR641KNU	ENCSR896WEM	ATAC-seq	FALSE	GM21825	GRCh38	Homo sapiens		cell line	CLO:0014941
ENCSR768AWY	ENCSR897WWX	DNase-seq	FALSE	activated CD4-positive, alpha-beta T cell	GRCh38	Homo sapiens	male adult (42 years) treated with anti-CD3 and anti-CD28 coated beads for 24 hours, 50 U/mL Interleukin-2 for 24 hours	primary cell	CL:0000896
ENCSR575VMI	ENCSR900IMX	DNase-seq	FALSE	placenta	GRCh38	Homo sapiens	male embryo (105 days) female embryo (101 days)	tissue	UBERON:0001987
ENCSR518YYX	ENCSR900QIE	DNase-seq	FALSE	activated naive CD8-positive, alpha-beta T cell	GRCh38	Homo sapiens	male adult (30 years) treated with anti-CD3 and anti-CD28 coated beads for 36 hours	primary cell	NTR:0000502
ENCSR436JRE	ENCSR901DXM	DNase-seq	FALSE	activated CD4-positive, alpha-beta T cell	GRCh38	Homo sapiens	male adult (20 years) treated with 10 ng/mL Interleukin-2 for 5 days, anti-CD3 and anti-CD28 coated beads for 7 days	primary cell	CL:0000896
ENCSR650FLQ	ENCSR901HTN	DNase-seq	FALSE	upper lobe of left lung	GRCh38	Homo sapiens	male adult (54 years)	tissue	UBERON:0008952
ENCSR672MOG	ENCSR903LXC	DNase-seq	FALSE	sciatic nerve	GRCh38	Homo sapiens	female adult (41 years)	tissue	UBERON:0001322
ENCSR409YCK	ENCSR903NIW	ATAC-seq	FALSE	GM19043	GRCh38	Homo sapiens		cell line	EFO:0010837
ENCSR189VFC	ENCSR903YIU	ATAC-seq	FALSE	HG02588	GRCh38	Homo sapiens		cell line	EFO:0010842
ENCSR637MUF	ENCSR904MSH	ATAC-seq	FALSE	GM19035	GRCh38	Homo sapiens		cell line	CLO:0025816
ENCSR208DMX	ENCSR905XZZ	DNase-seq	FALSE	stomach	GRCh38	Homo sapiens	female embryo (98 days)	tissue	UBERON:0000945
ENCSR308HPZ	ENCSR905YHT	ATAC-seq	FALSE	gastrocnemius medialis	GRCh38	Homo sapiens	male adult (54 years)	tissue	UBERON:0011907
ENCSR618HFT	ENCSR906FRI	DNase-seq	FALSE	stimulated activated CD4-positive, alpha-beta T cell	GRCh38	Homo sapiens	male adult (42 years) treated with anti-CD3 and anti-CD28 coated beads for 1 hour, 100 ng/mL TNF-alpha for 1 hour	primary cell	NTR:0000663
ENCSR553LAZ	ENCSR906OGG	ATAC-seq	FALSE	adrenal gland	GRCh38	Homo sapiens	female child (16 years)	tissue	UBERON:0002369
ENCSR791BHE	ENCSR906QLN	DNase-seq	FALSE	gastrocnemius medialis	GRCh38	Homo sapiens	male adult (37 years)	tissue	UBERON:0011907
ENCSR502NDK	ENCSR906VDD	DNase-seq	FALSE	small intestine	GRCh38	Homo sapiens	female embryo (108 days)	tissue	UBERON:0002108
ENCSR152PSA	ENCSR907MIU	ATAC-seq	FALSE	body of pancreas	GRCh38	Homo sapiens	male adult (37 years)	tissue	UBERON:0001150
ENCSR797FIM	ENCSR907PZQ	DNase-seq	FALSE	head of caudate nucleus	GRCh38	Homo sapiens	female adult (90 or above years) with Alzheimer's disease	tissue	UBERON:0002626
ENCSR887VUC	ENCSR907WJT	DNase-seq	FALSE	posterior cingulate gyrus	GRCh38	Homo sapiens	male adult (73 years) with Cognitive impairment, Alzheimer's disease	tissue	UBERON:0002740
ENCSR035SZE	ENCSR908PMT	DNase-seq	FALSE	T-helper 1 cell	GRCh38	Homo sapiens	male adult (56 years)	primary cell	CL:0000545
ENCSR138UGH	ENCSR909JOK	DNase-seq	FALSE	ovary	GRCh38	Homo sapiens	female adult (61 years)	tissue	UBERON:0000992
ENCSR000EQE	ENCSR909XUO	DNase-seq	FALSE	T-helper 1 cell	GRCh38	Homo sapiens	male adult (33 years)	primary cell	CL:0000545
ENCSR591PIX	ENCSR910DII	ATAC-seq	FALSE	Panc1	GRCh38	Homo sapiens		cell line	EFO:0002713
ENCSR258IBL	ENCSR910NEW	DNase-seq	FALSE	left renal pelvis	GRCh38	Homo sapiens	male embryo (105 days)	tissue	UBERON:0018115
ENCSR000ENX	ENCSR911KKG	DNase-seq	FALSE	dermis blood vessel endothelial cell	GRCh38	Homo sapiens	female adult	primary cell	CL:2000010
ENCSR855FOP	ENCSR912ACC	DNase-seq	FALSE	hematopoietic multipotent progenitor cell	GRCh38	Homo sapiens	male adult (25 years) treated with interleukin-3 for 13 days, kit ligand for 13 days, hydrocortisone succinate for 13 days, erythropoietin for 13 days	in vitro differentiated cells	CL:0000837
ENCSR443YJP	ENCSR912CFD	DNase-seq	FALSE	MG63	GRCh38	Homo sapiens		cell line	EFO:0002234
ENCSR318JAA	ENCSR912CMN	DNase-seq	FALSE	left renal pelvis	GRCh38	Homo sapiens	male embryo (105 days)	tissue	UBERON:0018115
ENCSR206KJN	ENCSR912RWV	DNase-seq	FALSE	CD4-positive, alpha-beta T cell	GRCh38	Homo sapiens	female adult (33 years)	primary cell	CL:0000624
ENCSR303JDG	ENCSR912VHI	DNase-seq	FALSE	activated T-cell	GRCh38	Homo sapiens	female adult (21 years) treated with 50 U/mL Interleukin-2 for 72 hours, anti-CD3 and anti-CD28 coated beads for 72 hours	primary cell	NTR:0000537
ENCSR213DBU	ENCSR914RTI	ATAC-seq	FALSE	posterior vena cava	GRCh38	Homo sapiens	male adult (26 years)	tissue	UBERON:0001072
ENCSR058ELM	ENCSR914TFI	DNase-seq	FALSE	T-helper 1 cell	GRCh38	Homo sapiens	male adult (30 years)	primary cell	CL:0000545
ENCSR198JXW	ENCSR915HQH	DNase-seq	FALSE	muscle of leg	GRCh38	Homo sapiens	female embryo (85 days)	tissue	UBERON:0001383
ENCSR854ZBA	ENCSR916ARE	ATAC-seq	FALSE	HG02840	GRCh38	Homo sapiens		cell line	EFO:0010850
ENCSR086OGH	ENCSR916WZI	ATAC-seq	FALSE	sigmoid colon	GRCh38	Homo sapiens	male adult (54 years)	tissue	UBERON:0001159
ENCSR310ZGQ	ENCSR917EWE	DNase-seq	FALSE	T-cell	GRCh38	Homo sapiens	male adult (26 years)	primary cell	CL:0000084
ENCSR552RKI	ENCSR917FYG	DNase-seq	FALSE	placenta	GRCh38	Homo sapiens	embryo (102 days)	tissue	UBERON:0001987
ENCSR326ESM	ENCSR918HJS	ATAC-seq	FALSE	stimulated activated naive CD8-positive, alpha-beta T cell	GRCh38	Homo sapiens	male adult (42 years) treated with anti-CD3 and anti-CD28 coated beads for 24 hours, 50 U/mL Interleukin-2 for 24 hours, 100 ng/mL Interleukin-15 for 24 hours	primary cell	NTR:0000667
ENCSR000EOR	ENCSR918KKY	DNase-seq	FALSE	fibroblast of villous mesenchyme	GRCh38	Homo sapiens		primary cell	CL:0002558
ENCSR635CAC	ENCSR921EDJ	ATAC-seq	FALSE	GM19467	GRCh38	Homo sapiens		cell line	CLO:0026877
ENCSR684KUG	ENCSR923IXX	ATAC-seq	FALSE	GM18870	GRCh38	Homo sapiens		cell line	CLO:0026249
ENCSR925LGW	ENCSR923QPG	ATAC-seq	FALSE	heart left ventricle	GRCh38	Homo sapiens	female adult (59 years)	tissue	UBERON:0002084
ENCSR241VGH	ENCSR926DJN	ATAC-seq	FALSE	GM18502	GRCh38	Homo sapiens		cell line	CLO:0024912
ENCSR659SFK	ENCSR927SNZ	ATAC-seq	FALSE	activated B cell	GRCh38	Homo sapiens	male adult (22 years) treated with 0.5 μM CpG ODN for 24 hours	primary cell	NTR:0000506
ENCSR072UYN	ENCSR929CYE	ATAC-seq	FALSE	sciatic nerve	GRCh38	Homo sapiens	female child (16 years)	tissue	UBERON:0001322
ENCSR325FWM	ENCSR929GDD	DNase-seq	FALSE	adrenal gland	GRCh38	Homo sapiens	female adult (41 years)	tissue	UBERON:0002369
ENCSR703VGI	ENCSR929NKA	DNase-seq	FALSE	naive thymus-derived CD8-positive, alpha-beta T cell	GRCh38	Homo sapiens	male adult (33 years)	primary cell	CL:0000900
ENCSR052AWE	ENCSR930FRZ	DNase-seq	FALSE	PC-3	GRCh38	Homo sapiens		cell line	EFO:0002074
ENCSR654UYP	ENCSR930HKW	ATAC-seq	FALSE	breast epithelium	GRCh38	Homo sapiens	female adult (53 years)	tissue	UBERON:0008367
ENCSR976XOY	ENCSR930IPA	DNase-seq	FALSE	left forelimb	GRCh38	Homo sapiens	male embryo (81 days)	tissue	UBERON:8300002
ENCSR290AUK	ENCSR930QQL	ATAC-seq	FALSE	dendritic cell	GRCh38	Homo sapiens	treated with 100 ng/mL lipopolysaccharide for 4 hours	in vitro differentiated cells	CL:0000451
ENCSR030HFV	ENCSR931LMD	DNase-seq	FALSE	Caco-2	GRCh38	Homo sapiens		cell line	EFO:0001099
ENCSR014FPY	ENCSR932JUJ	DNase-seq	FALSE	iPS DF 4.7	GRCh38	Homo sapiens		cell line	EFO:0007097
ENCSR792QQE	ENCSR932NSW	DNase-seq	FALSE	heart right ventricle	GRCh38	Homo sapiens	male adult (54 years)	tissue	UBERON:0002080
ENCSR789FJF	ENCSR932TFQ	DNase-seq	FALSE	posterior cingulate gyrus	GRCh38	Homo sapiens	female adult (87 years)	tissue	UBERON:0002740
ENCSR732RIC	ENCSR932WJY	DNase-seq	FALSE	ovary	GRCh38	Homo sapiens	female adult (47 years)	tissue	UBERON:0000992
ENCSR856NXV	ENCSR933BIZ	DNase-seq	FALSE	cardiac fibroblast	GRCh38	Homo sapiens	female embryo (94 days) female embryo (98 days)	primary cell	CL:0002548
ENCSR426IEA	ENCSR933HJE	DNase-seq	FALSE	KBM-7	GRCh38	Homo sapiens		cell line	EFO:0005903
ENCSR414IHC	ENCSR933TTR	DNase-seq	TRUE	T-cell	GRCh38	Homo sapiens	male adult (21 years) treated with 7.5 μg/kg G-CSF for 4 days	primary cell	CL:0000084
ENCSR709PZI	ENCSR934EQZ	DNase-seq	FALSE	posterior cingulate gyrus	GRCh38	Homo sapiens	female adult (88 years) with Alzheimer's disease	tissue	UBERON:0002740
ENCSR213YPO	ENCSR934UQV	ATAC-seq	FALSE	right cardiac atrium	GRCh38	Homo sapiens	male adult (60 years)	tissue	UBERON:0002078
ENCSR456KDF	ENCSR936GKS	DNase-seq	FALSE	left lung	GRCh38	Homo sapiens	female embryo (108 days)	tissue	UBERON:0002168
ENCSR647AOY	ENCSR936INA	ATAC-seq	FALSE	lung	GRCh38	Homo sapiens	female adult (47 years)	tissue	UBERON:0002048
ENCSR718AAB	ENCSR937NLZ	DNase-seq	FALSE	natural killer cell	GRCh38	Homo sapiens	male adult (37 years)	primary cell	CL:0000623
ENCSR269SIA	ENCSR937RAQ	DNase-seq	FALSE	G401	GRCh38	Homo sapiens		cell line	EFO:0002179
ENCSR987GUS	ENCSR937SVO	DNase-seq	FALSE	stimulated activated CD4-positive, alpha-beta T cell	GRCh38	Homo sapiens	male adult (38 years) treated with anti-CD3 and anti-CD28 coated beads for 24 hours, 100 ng/mL Interleukin-15 for 24 hours	primary cell	NTR:0000663
ENCSR141DMX	ENCSR938RWM	DNase-seq	FALSE	renal pelvis	GRCh38	Homo sapiens	female embryo (96 days)	tissue	UBERON:0001224
ENCSR956DNB	ENCSR939RXI	ATAC-seq	FALSE	K562	GRCh38	Homo sapiens		cell line	EFO:0002067
ENCSR452OSK	ENCSR940IWU	ATAC-seq	FALSE	right cardiac atrium	GRCh38	Homo sapiens	male adult (40 years)	tissue	UBERON:0002078
ENCSR785RIM	ENCSR941BIE	DNase-seq	FALSE	T-cell	GRCh38	Homo sapiens	male adult (49 years)	primary cell	CL:0000084
ENCSR295ELC	ENCSR941HRR	DNase-seq	FALSE	muscle of back	GRCh38	Homo sapiens	male embryo (97 days)	tissue	UBERON:0002324
ENCSR772HUG	ENCSR941WQE	DNase-seq	FALSE	common myeloid progenitor, CD34-positive	GRCh38	Homo sapiens	male adult (37 years)	primary cell	CL:0001059
ENCSR428XAX	ENCSR941ZNH	DNase-seq	FALSE	ovary	GRCh38	Homo sapiens	female embryo	tissue	UBERON:0000992
ENCSR765ZML	ENCSR942YDI	DNase-seq	FALSE	stimulated activated CD4-positive, alpha-beta T cell	GRCh38	Homo sapiens	male adult (38 years) treated with anti-CD3 and anti-CD28 coated beads for 4 hours, 100 ng/mL Interleukin-4 for 4 hours	primary cell	NTR:0000663
ENCSR320SVK	ENCSR943DPF	DNase-seq	FALSE	left renal pelvis	GRCh38	Homo sapiens	male embryo (120 days)	tissue	UBERON:0018115
ENCSR749BWV	ENCSR943VHN	DNase-seq	FALSE	heart	GRCh38	Homo sapiens	female embryo (116 days) female embryo (98 days)	tissue	UBERON:0000948
ENCSR540BML	ENCSR944DYP	ATAC-seq	FALSE	subcutaneous adipose tissue	GRCh38	Homo sapiens	female adult (53 years)	tissue	UBERON:0002190
ENCSR861NUH	ENCSR944QXV	DNase-seq	FALSE	muscle of leg	GRCh38	Homo sapiens	male embryo (104 days)	tissue	UBERON:0001383
ENCSR187PYY	ENCSR945HCY	DNase-seq	FALSE	brain	GRCh38	Homo sapiens	female embryo (142 days)	tissue	UBERON:0000955
ENCSR484UAU	ENCSR945NLK	DNase-seq	FALSE	tibial nerve	GRCh38	Homo sapiens	male adult (37 years)	tissue	UBERON:0001323
ENCSR329FAP	ENCSR946QXD	DNase-seq	FALSE	dorsolateral prefrontal cortex	GRCh38	Homo sapiens	female adult (89 years) with Alzheimer's disease	tissue	UBERON:0009834
ENCSR563XRP	ENCSR947WWP	DNase-seq	FALSE	large intestine	GRCh38	Homo sapiens	female embryo (107 days)	tissue	UBERON:0000059
ENCSR594TMY	ENCSR949GNF	ATAC-seq	FALSE	HG03521	GRCh38	Homo sapiens		cell line	EFO:0010886
ENCSR437KLY	ENCSR950QAL	DNase-seq	FALSE	kidney	GRCh38	Homo sapiens	female embryo (85 days)	tissue	UBERON:0002113
ENCSR306LNA	ENCSR950QGN	DNase-seq	FALSE	dorsolateral prefrontal cortex	GRCh38	Homo sapiens	male adult (73 years) with Alzheimer's disease, Cognitive impairment	tissue	UBERON:0009834
ENCSR167XSQ	ENCSR951VPU	DNase-seq	FALSE	muscle of leg	GRCh38	Homo sapiens	male embryo (101 days)	tissue	UBERON:0001383
ENCSR597UIG	ENCSR951WVQ	DNase-seq	FALSE	spleen	GRCh38	Homo sapiens	female adult (41 years)	tissue	UBERON:0002106
ENCSR649XRC	ENCSR953AXC	DNase-seq	FALSE	CD8-positive, alpha-beta T cell	GRCh38	Homo sapiens	female adult (33 years)	primary cell	CL:0000625
ENCSR832THJ	ENCSR953BHJ	DNase-seq	FALSE	stimulated activated CD8-positive, alpha-beta memory T cell	GRCh38	Homo sapiens	female adult (33 years) treated with anti-CD3 and anti-CD28 coated beads for 4 hours, 100 ng/mL Interleukin-15 for 4 hours	primary cell	NTR:0000669
ENCSR845CFB	ENCSR954EWB	DNase-seq	FALSE	hematopoietic multipotent progenitor cell	GRCh38	Homo sapiens	male adult (25 years) treated with interleukin-3 for 8 days, kit ligand for 8 days, hydrocortisone succinate for 8 days, erythropoietin for 8 days	in vitro differentiated cells	CL:0000837
ENCSR221ROM	ENCSR954WIR	DNase-seq	FALSE	dorsolateral prefrontal cortex	GRCh38	Homo sapiens	female adult (90 or above years)	tissue	UBERON:0009834
ENCSR951MYM	ENCSR955CKY	DNase-seq	FALSE	activated CD8-positive, alpha-beta memory T cell	GRCh38	Homo sapiens	male adult (38 years) treated with anti-CD3 and anti-CD28 coated beads for 1 hour	primary cell	NTR:0000504
ENCSR901IEQ	ENCSR955LBO	ATAC-seq	FALSE	dendritic cell	GRCh38	Homo sapiens	treated with 100 ng/mL lipopolysaccharide for 4 hours	in vitro differentiated cells	CL:0000451
ENCSR000EMM	ENCSR955XIL	DNase-seq	FALSE	naive thymus-derived CD4-positive, alpha-beta T cell	GRCh38	Homo sapiens	female adult (35 years)	primary cell	CL:0000895
ENCSR411NFB	ENCSR958JWD	ATAC-seq	FALSE	activated T-cell	GRCh38	Homo sapiens	female adult (33 years) treated with 50 U/mL Interleukin-2 for 4 hours, anti-CD3 and anti-CD28 coated beads for 4 hours	primary cell	NTR:0000537
ENCSR070CMW	ENCSR958WFK	DNase-seq	FALSE	heart left ventricle	GRCh38	Homo sapiens	female adult (53 years)	tissue	UBERON:0002084
ENCSR663MNQ	ENCSR959KZO	DNase-seq	FALSE	head of caudate nucleus	GRCh38	Homo sapiens	female adult (90 or above years) with Alzheimer's disease	tissue	UBERON:0002626
ENCSR498FCF	ENCSR960ASG	DNase-seq	FALSE	CD4-positive, alpha-beta T cell	GRCh38	Homo sapiens	male adult (38 years)	primary cell	CL:0000624
ENCSR597URK	ENCSR962EIH	DNase-seq	FALSE	T-cell	GRCh38	Homo sapiens	female adult (28 years)	primary cell	CL:0000084
ENCSR210NKB	ENCSR962ICP	ATAC-seq	FALSE	testis	GRCh38	Homo sapiens	male adult (37 years)	tissue	UBERON:0000473
ENCSR497NLU	ENCSR964WTY	DNase-seq	FALSE	T-cell	GRCh38	Homo sapiens	male adult (28 years)	primary cell	CL:0000084
ENCSR212VEN	ENCSR965KKV	DNase-seq	FALSE	placenta	GRCh38	Homo sapiens	male embryo	tissue	UBERON:0001987
ENCSR940QJU	ENCSR966GIS	ATAC-seq	FALSE	dendritic cell	GRCh38	Homo sapiens	treated with lipopolysaccharide	in vitro differentiated cells	CL:0000451
ENCSR328UMC	ENCSR966XZN	DNase-seq	FALSE	hematopoietic multipotent progenitor cell	GRCh38	Homo sapiens	female adult (34 years)	in vitro differentiated cells	CL:0000837
ENCSR053ZKP	ENCSR967OBH	DNase-seq	FALSE	adrenal gland	GRCh38	Homo sapiens	female adult (53 years)	tissue	UBERON:0002369
ENCSR171ADO	ENCSR968OAS	DNase-seq	FALSE	gastrocnemius medialis	GRCh38	Homo sapiens	male adult (37 years)	tissue	UBERON:0011907
ENCSR426KLJ	ENCSR968WVY	DNase-seq	FALSE	dorsolateral prefrontal cortex	GRCh38	Homo sapiens	female adult (87 years) with Cognitive impairment, Alzheimer's disease	tissue	UBERON:0009834
ENCSR548KXH	ENCSR969OWP	DNase-seq	FALSE	stimulated activated CD4-positive, alpha-beta T cell	GRCh38	Homo sapiens	male adult (38 years) treated with anti-CD3 and anti-CD28 coated beads for 24 hours, 100 ng/mL Interleukin-23 for 24 hours, 100 ng/mL Interleukin-1b for 24 hours	primary cell	NTR:0000663
ENCSR837ZSS	ENCSR969SZL	DNase-seq	FALSE	T-cell	GRCh38	Homo sapiens	female adult (19 years)	primary cell	CL:0000084
ENCSR000EMI	ENCSR970OZO	DNase-seq	FALSE	Caco-2	GRCh38	Homo sapiens		cell line	EFO:0001099
ENCSR688DKY	ENCSR971GER	DNase-seq	FALSE	stimulated activated CD8-positive, alpha-beta memory T cell	GRCh38	Homo sapiens	male adult (38 years) treated with anti-CD3 and anti-CD28 coated beads for 1 hour, 100 ng/mL Interleukin-4 for 1 hour	primary cell	NTR:0000669
ENCSR342OGI	ENCSR971QTW	DNase-seq	FALSE	T-cell	GRCh38	Homo sapiens	male adult (27 years)	primary cell	CL:0000084
ENCSR197ZNW	ENCSR971VHE	DNase-seq	FALSE	T-helper 2 cell	GRCh38	Homo sapiens	male adult (24 years)	primary cell	CL:0000546
ENCSR759UNY	ENCSR971WIA	DNase-seq	FALSE	tongue	GRCh38	Homo sapiens	female embryo (76 days) female embryo (59 days)	tissue	UBERON:0001723
ENCSR039ZVQ	ENCSR972EGH	DNase-seq	FALSE	left renal cortex interstitium	GRCh38	Homo sapiens	male embryo (120 days)	tissue	UBERON:0018117
ENCSR000EQN	ENCSR972HRO	DNase-seq	FALSE	WI38	GRCh38	Homo sapiens	stably expressing RAF1	cell line	EFO:0001260
ENCSR634YVQ	ENCSR972KYQ	DNase-seq	FALSE	HK-2	GRCh38	Homo sapiens		cell line	CLO:0003771
ENCSR689SDA	ENCSR972MFI	ATAC-seq	FALSE	gastrocnemius medialis	GRCh38	Homo sapiens	female adult (53 years)	tissue	UBERON:0011907
ENCSR923BEY	ENCSR972TWU	DNase-seq	FALSE	head of caudate nucleus	GRCh38	Homo sapiens	female adult (90 or above years) with mild cognitive impairment	tissue	UBERON:0002626
ENCSR511GQA	ENCSR972VJA	DNase-seq	FALSE	stomach	GRCh38	Homo sapiens	female embryo (108 days)	tissue	UBERON:0000945
ENCSR564FZH	ENCSR973CMW	DNase-seq	FALSE	prostate gland	GRCh38	Homo sapiens	male adult (37 years)	tissue	UBERON:0002367
ENCSR260LAN	ENCSR973ELB	ATAC-seq	FALSE	naive thymus-derived CD4-positive, alpha-beta T cell	GRCh38	Homo sapiens	male adult (48 years)	primary cell	CL:0000895
ENCSR386BOX	ENCSR976MJM	DNase-seq	FALSE	activated naive CD4-positive, alpha-beta T cell	GRCh38	Homo sapiens	male adult (48 years) treated with 50 U/mL Interleukin-2 for 72 hours, anti-CD3 and anti-CD28 coated beads for 72 hours	primary cell	NTR:0000497
ENCSR261RWJ	ENCSR978KFQ	DNase-seq	FALSE	Peyer's patch	GRCh38	Homo sapiens	female adult (51 years)	tissue	UBERON:0001211
ENCSR512FHU	ENCSR978KVO	ATAC-seq	FALSE	GM19023	GRCh38	Homo sapiens		cell line	EFO:0010835
ENCSR706IDL	ENCSR978NMB	DNase-seq	FALSE	midbrain	GRCh38	Homo sapiens	male adult (84 years) male adult (78 years)	tissue	UBERON:0001891
ENCSR200OML	ENCSR978WIX	ATAC-seq	FALSE	IMR-90	GRCh38	Homo sapiens	nuclear fraction	cell line	EFO:0001196
ENCSR000ELY	ENCSR979PXO	DNase-seq	FALSE	AG04450	GRCh38	Homo sapiens		cell line	EFO:0006270
ENCSR555ZDH	ENCSR980GNO	ATAC-seq	FALSE	lower lobe of left lung	GRCh38	Homo sapiens	male adult (60 years)	tissue	UBERON:0008953
ENCSR000EOB	ENCSR980UZA	DNase-seq	FALSE	dermis microvascular lymphatic vessel endothelial cell	GRCh38	Homo sapiens	male	primary cell	CL:2000041
ENCSR223XND	ENCSR980WLK	DNase-seq	FALSE	T-helper 2 cell	GRCh38	Homo sapiens	male adult (35 years) treated with 5 μg/mL Interferon-gamma antibody for 36 hours, 100 ng/mL Interleukin-4 for 36 hours	primary cell	CL:0000546
ENCSR551CSY	ENCSR982HSG	ATAC-seq	FALSE	mesenteric fat pad	GRCh38	Homo sapiens	male adult (26 years)	tissue	UBERON:0015143
ENCSR404LLJ	ENCSR982JLU	ATAC-seq	FALSE	transverse colon	GRCh38	Homo sapiens	female adult (53 years)	tissue	UBERON:0001157
ENCSR174SUM	ENCSR982XXE	ATAC-seq	FALSE	activated naive CD4-positive, alpha-beta T cell	GRCh38	Homo sapiens	male adult (48 years) treated with anti-CD3 and anti-CD28 coated beads for 72 hours, 50 U/mL Interleukin-2 for 72 hours	primary cell	NTR:0000497
ENCSR325NFE	ENCSR983ILK	ATAC-seq	FALSE	bile duct	GRCh38	Homo sapiens	female child (16 years)	tissue	UBERON:0002394
ENCSR840QLA	ENCSR984DNC	DNase-seq	FALSE	stimulated activated CD4-positive, alpha-beta T cell	GRCh38	Homo sapiens	male adult (38 years) treated with anti-CD3 and anti-CD28 coated beads for 48 hours, 100 ng/mL TNF-alpha for 48 hours	primary cell	NTR:0000663
ENCSR954BDA	ENCSR985TLT	ATAC-seq	FALSE	GM21529	GRCh38	Homo sapiens		cell line	CLO:0014078
ENCSR607EJV	ENCSR985UCJ	DNase-seq	FALSE	effector memory CD4-positive, alpha-beta T cell	GRCh38	Homo sapiens	male adult (24 years)	primary cell	CL:0000905
ENCSR518JGY	ENCSR986BUJ	DNase-seq	FALSE	foreskin melanocyte	GRCh38	Homo sapiens	male newborn	primary cell	CL:2000045
ENCSR201FIW	ENCSR986NGU	ATAC-seq	FALSE	thyroid gland	GRCh38	Homo sapiens	female adult (51 years)	tissue	UBERON:0002046
ENCSR903SKE	ENCSR986OXA	DNase-seq	FALSE	DND-41	GRCh38	Homo sapiens		cell line	EFO:0007074
ENCSR639VTO	ENCSR986SSJ	DNase-seq	FALSE	head of caudate nucleus	GRCh38	Homo sapiens	female adult (81 years) with Cognitive impairment	tissue	UBERON:0002626
ENCSR800ADR	ENCSR987KZP	DNase-seq	FALSE	upper lobe of left lung	GRCh38	Homo sapiens	female adult (61 years)	tissue	UBERON:0008952
ENCSR376YMU	ENCSR987LMB	ATAC-seq	FALSE	HG03439	GRCh38	Homo sapiens		cell line	EFO:0010880
ENCSR345NVR	ENCSR987QAP	ATAC-seq	FALSE	HG03460	GRCh38	Homo sapiens		cell line	EFO:0010883
ENCSR000EMZ	ENCSR989KYH	DNase-seq	FALSE	H7	GRCh38	Homo sapiens		cell line	EFO:0005904
ENCSR579DBA	ENCSR990ZOO	DNase-seq	FALSE	stimulated activated CD4-positive, alpha-beta T cell	GRCh38	Homo sapiens	male adult (38 years) treated with anti-CD3 and anti-CD28 coated beads for 4 hours, 100 ng/mL Interleukin-2 for 4 hours	primary cell	NTR:0000663
ENCSR704VZY	ENCSR992JTX	ATAC-seq	FALSE	motor neuron	GRCh38	Homo sapiens	male child (6 years) with amyotrophic lateral sclerosis	in vitro differentiated cells	CL:0000100
ENCSR439TZT	ENCSR992KED	ATAC-seq	FALSE	heart right ventricle	GRCh38	Homo sapiens	male adult (66 years)	tissue	UBERON:0002080
ENCSR903WVU	ENCSR993ADC	ATAC-seq	FALSE	naive B cell	GRCh38	Homo sapiens	male adult (40 years)	primary cell	CL:0000788
ENCSR344FLH	ENCSR993KJR	DNase-seq	FALSE	brain	GRCh38	Homo sapiens	female embryo (109 days)	tissue	UBERON:0000955
ENCSR218FSP	ENCSR993TVH	DNase-seq	FALSE	WERI-Rb-1	GRCh38	Homo sapiens		cell line	EFO:0005715
ENCSR891VOV	ENCSR994ABS	DNase-seq	FALSE	B cell	GRCh38	Homo sapiens	female adult (34 years)	primary cell	CL:0000236
ENCSR649MJI	ENCSR994FMN	DNase-seq	FALSE	head of caudate nucleus	GRCh38	Homo sapiens	female adult (90 or above years) with mild cognitive impairment	tissue	UBERON:0002626
ENCSR614JAG	ENCSR996BEY	ATAC-seq	FALSE	naive thymus-derived CD8-positive, alpha-beta T cell	GRCh38	Homo sapiens	male adult (36 years)	primary cell	CL:0000900
ENCSR146KFX	ENCSR997CWD	DNase-seq	FALSE	astrocyte	GRCh38	Homo sapiens	male adult (53 years)	in vitro differentiated cells	CL:0000127
ENCSR532DBH	ENCSR997KIT	DNase-seq	FALSE	dorsolateral prefrontal cortex	GRCh38	Homo sapiens	female adult (86 years) with Cognitive impairment	tissue	UBERON:0009834
ENCSR357PMV	ENCSR997OAD	DNase-seq	FALSE	muscle of arm	GRCh38	Homo sapiens	female embryo (120 days)	tissue	UBERON:0001499
ENCSR400ISH	ENCSR998AJO	ATAC-seq	FALSE	HG02571	GRCh38	Homo sapiens		cell line	EFO:0010841
ENCSR000ENQ	ENCSR999AEB	DNase-seq	FALSE	foreskin fibroblast	GRCh38	Homo sapiens	male newborn	primary cell	CL:1001608
ENCSR204SMO	ENCSR999ETQ	ATAC-seq	FALSE	heart right ventricle	GRCh38	Homo sapiens	male adult (46 years)	tissue	UBERON:0002080
ENCSR438USP	ENCSR999FHN	DNase-seq	FALSE	stimulated activated CD4-positive, alpha-beta T cell	GRCh38	Homo sapiens	male adult (42 years) treated with anti-CD3 and anti-CD28 coated beads for 48 hours, 100 ng/mL TNF-alpha for 48 hours	primary cell	NTR:0000663