{
  "n_params": 176292,
  "best_valid_loss": 6.652091007501307,
  "test_total": 6.647539788138745,
  "test_profile": 6.5451680515406485,
  "test_count": 0.10237173973852864,
  "test_per_cell": {
    "K562": {
      "n": 8623,
      "r_dnase": 0.8461795449256897,
      "r_h3k27ac": 0.7481243014335632
    },
    "GM12878": {
      "n": 5280,
      "r_dnase": 0.7378829717636108,
      "r_h3k27ac": 0.6729860305786133
    },
    "HepG2": {
      "n": 5230,
      "r_dnase": 0.9064748287200928,
      "r_h3k27ac": 0.776527464389801
    },
    "A549": {
      "n": 9819,
      "r_dnase": 0.8366369605064392,
      "r_h3k27ac": 0.7419214844703674
    },
    "HeLa": {
      "n": 5997,
      "r_dnase": 0.8587621450424194,
      "r_h3k27ac": 0.7749470472335815
    },
    "HMEC": {
      "n": 5352,
      "r_dnase": 0.8949398398399353,
      "r_h3k27ac": 0.7311853766441345
    },
    "HSMM": {
      "n": 8239,
      "r_dnase": 0.704404354095459,
      "r_h3k27ac": 0.6602705717086792
    },
    "HUVEC": {
      "n": 5175,
      "r_dnase": 0.857164740562439,
      "r_h3k27ac": 0.777197003364563
    },
    "NHEK": {
      "n": 5914,
      "r_dnase": 0.8725709319114685,
      "r_h3k27ac": 0.7598477602005005
    },
    "NHLF": {
      "n": 7045,
      "r_dnase": 0.7059236168861389,
      "r_h3k27ac": 0.7013132572174072
    },
    "H1": {
      "n": 8164,
      "r_dnase": 0.8916414976119995,
      "r_h3k27ac": 0.6938176155090332
    }
  },
  "wall_seconds": 6259.4,
  "args": {
    "data_root": "/lustre/grp/zyjlab/linjc/epinformer/roadmap_batch_output_profile_v2",
    "fasta": "/lustre/grp/zyjlab/linjc/epinformer/data/reference/hg38/hg38.fa",
    "split_csv": "/lustre/grp/zyjlab/linjc/epinformer/data/leave_chrom_out_crossvalidation_split_18377genes.csv",
    "bias_root": "/lustre/grp/zyjlab/linjc/epinformer/results/profile_v2_bias_per_cell_fold10",
    "fold": 10,
    "out_dir": "./results/profile_v2_main_fold10",
    "window": 1024,
    "epochs": 20,
    "batch_size": 128,
    "lr": 0.0003,
    "max_lr": 0.003,
    "weight_decay": 0.01,
    "num_workers": 4,
    "seed": 777,
    "profile_weight": 1.0,
    "count_weight": 1.0
  },
  "cells": [
    "K562",
    "GM12878",
    "HepG2",
    "A549",
    "HeLa",
    "HMEC",
    "HSMM",
    "HUVEC",
    "NHEK",
    "NHLF",
    "H1"
  ],
  "cell2idx": {
    "K562": 0,
    "GM12878": 1,
    "HepG2": 2,
    "A549": 3,
    "HeLa": 4,
    "HMEC": 5,
    "HSMM": 6,
    "HUVEC": 7,
    "NHEK": 8,
    "NHLF": 9,
    "H1": 10
  }
}