{
  "variant": {
    "chrom": "chr5",
    "position": 1295234,
    "ref": "A",
    "alt": "G",
    "id": "rs2853669",
    "gene": "TERT"
  },
  "effect_sizes": {
    "CHIP:K562:GABPA:+": {
      "sum": 0.09890431811800227,
      "max": 0.0010471856221556664,
      "min": -0.0010905039962381124,
      "n": 2114
    },
    "CHIP:K562:GABPA:-": {
      "sum": 0.09890476800501347,
      "max": 0.0015247147530317307,
      "min": -0.0010816063731908798,
      "n": 2114
    }
  },
  "predictions": {},
  "log2fc_sum": 0.046389414955335474,
  "ref_sum": 6.05342084687436,
  "alt_sum": 6.251229932997376
}