allele	layer	assay_id	region_label	assay_type	cell_type	ref_value	alt_value	raw_score	quantile_score	ref_signal_percentile	note
alt_1	chromatin_accessibility	DNASE/EFO:0002067 DNase-seq/.		DNASE	K562	9.56967544555664	8.766494750976562	-0.11401830876760537	1.0	0.5144	
alt_1	tf_binding	CHIP_TF/EFO:0002067 TF ChIP-seq GATA1/.		CHIP	K562	447.0	434.0	-0.042483331321513385	1.0	0.8822	
alt_1	tf_binding	CHIP_TF/EFO:0002067 TF ChIP-seq TAL1/.		CHIP	K562	477.5	440.0	-0.11774026892850492	1.0	0.9602	
alt_1	histone_marks	CHIP_HISTONE/EFO:0002067 Histone ChIP-seq H3K27ac/.		CHIP	K562	1260.5	1261.75	0.0014288354549023172	0.6097433211105291	0.9096	
alt_1	tss_activity	CAGE/hCAGE EFO:0002067/+	variant site	CAGE	K562	0.132682204246521	0.12672466039657593	-0.007608137358271899	1.0	0.597285781915733	
alt_1	tss_activity	CAGE/hCAGE EFO:0002067/+	BCL11A TSS	CAGE	K562	2.1600162982940674	2.1584255695343018	-0.0007264248337188728		1.0	
alt_1	tss_activity	CAGE/hCAGE EFO:0002067/+	PAPOLG TSS	CAGE	K562	2587.71875	2589.55517578125	0.0010230787236066492	1.0	1.0	
alt_1	tss_activity	CAGE/hCAGE EFO:0002067/+	REL TSS	CAGE	K562	1874.1600341796875	1871.30419921875	-0.002198873412377777	1.0	1.0	
alt_1	tss_activity	CAGE/hCAGE EFO:0002067/-	variant site	CAGE	K562	1.8503046035766602	1.6994686126708984	-0.07844066170009198	1.0	1.0	
alt_1	tss_activity	CAGE/hCAGE EFO:0002067/-	BCL11A TSS	CAGE	K562	424.63104248046875	420.5895690917969	-0.013764202057560843	1.0	1.0	
alt_1	tss_activity	CAGE/hCAGE EFO:0002067/-	PAPOLG TSS	CAGE	K562	18.955524444580078	18.992847442626953	0.00269576542505082	1.0	1.0	
alt_1	tss_activity	CAGE/hCAGE EFO:0002067/-	REL TSS	CAGE	K562	68.94244384765625	68.88288879394531	-0.00122895879052904	1.0	1.0	
