variant_id	chrom	position	ref	alt	gene_name	max_effect	max_quantile	DNASE:HepG2_raw	DNASE:HepG2_pctile	DNASE:HepG2_activity	CHIP:CEBPA:HepG2_raw	CHIP:CEBPA:HepG2_pctile	CHIP:CEBPA:HepG2_activity	CHIP:CEBPB:HepG2_raw	CHIP:CEBPB:HepG2_pctile	CHIP:CEBPB:HepG2_activity	CHIP:H3K27ac:HepG2_raw	CHIP:H3K27ac:HepG2_pctile	CHIP:H3K27ac:HepG2_activity	CAGE:HepG2 (+)_raw	CAGE:HepG2 (+)_pctile	CAGE:HepG2 (+)_activity	CAGE:HepG2 (-)_raw	CAGE:HepG2 (-)_pctile	CAGE:HepG2 (-)_activity
rs12740374	chr1	109274968	G	T	SORT1	0.4483510429421601	1.0	0.4483510429421601	1.0	0.962	0.37221821677221534	1.0	0.9885	0.27052280012948443	1.0	0.9713	0.18174828851528904	1.0	0.9991	0.004817011234558632	1.0	1.0	0.002132387027228621	1.0	1.0
rs4970836	chr1	109279175	G	A	SORT1	-0.412255853412966	1.0	-0.040621651899714555	1.0	0.1663	-0.03153065022295628	1.0	0.3573	-0.028747054045555356	1.0	0.3423	-0.01442816369620253	1.0	0.949	0.00779454367444179	1.0	1.0	0.0005585407114958074	1.0	1.0
rs660240	chr1	109275216	T	C	SORT1	0.07159090068671692	1.0	0.07050427070861133	1.0	0.9514	0.026779331115600297	1.0	0.9543	0.01300570982476315	1.0	0.9272	0.030976083478352796	1.0	0.9995	-0.006820050728380618	1.0	1.0	-0.0029080451215981054	1.0	1.0
rs1626484	chr1	109275684	G	T	SORT1	0.06982754346272448	1.0	0.005606611026062984	1.0	0.8798	0.002664257527056336	0.7087480356207438	0.8514	0.0014013551766122725	0.21215295966474593	0.8377	-0.0006459828649222054	0.43687794656888423	0.9991	0.0007093597569876027	1.0	1.0	0.003767604438892803	1.0	1.0
rs7528419	chr1	109274570	A	G	SORT1	0.019342919014565845	1.0	0.015084049977819272	1.0	0.9051	0.007490645285123079	1.0	0.9217	0.004628476991716914	0.856993190151912	0.9281	0.019342919014565845	1.0	0.9993	-0.006381070961743232	1.0	1.0	-0.0013491860894435054	1.0	1.0
