allele	layer	assay_id	region_label	assay_type	cell_type	ref_value	alt_value	raw_score	quantile_score	ref_signal_percentile	note
alt_1	chromatin_accessibility	DNASE/EFO:0001187 DNase-seq/.		DNASE	HepG2	112.55853271484375	110.23440551757812	-0.029833021342506993	1.0	0.9029	
alt_1	tf_binding	CHIP_TF/EFO:0001187 TF ChIP-seq CEBPA genetically modified (insertion) using CRISPR targeting H. sapiens CEBPA/.		CHIP	HepG2	999.0	984.0	-0.02180437031834845	1.0	0.9264	
alt_1	tf_binding	CHIP_TF/EFO:0001187 TF ChIP-seq CEBPB/.		CHIP	HepG2	488.0	488.5	0.0014743946514611619	0.214772132006286	0.8231	
alt_1	histone_marks	CHIP_HISTONE/EFO:0001187 Histone ChIP-seq H3K27ac/.		CHIP	HepG2	9203.0	8941.5	-0.04158277034150189	1.0	0.9932	
alt_1	tss_activity	CAGE/hCAGE EFO:0001187/+	variant site	CAGE	HepG2	3.999288558959961	3.8861141204833984	-0.03303524208680607	1.0	1.0	
alt_1	tss_activity	CAGE/hCAGE EFO:0001187/+	FTO TSS	CAGE	HepG2	4728.0556640625	4724.375	-0.0011232989583591718	1.0	1.0	
alt_1	tss_activity	CAGE/hCAGE EFO:0001187/+	RPGRIP1L TSS	CAGE	HepG2	4634.6103515625	4631.88671875	-0.0008478983453502836		1.0	
alt_1	tss_activity	CAGE/hCAGE EFO:0001187/+	AKTIP TSS	CAGE	HepG2	2.214353561401367	2.214977264404297	0.000279908829244135		1.0	
alt_1	tss_activity	CAGE/hCAGE EFO:0001187/+	RBL2 TSS	CAGE	HepG2	2756.57177734375	2753.26806640625	-0.0017294580727860629	1.0	1.0	
alt_1	tss_activity	CAGE/hCAGE EFO:0001187/+	IRX3 TSS	CAGE	HepG2	78.75039672851562	78.67039489746094	-0.0014479699095218878	1.0	1.0	
alt_1	tss_activity	CAGE/hCAGE EFO:0001187/-	variant site	CAGE	HepG2	0.8463414907455444	0.8202629089355469	-0.020522571288873876	1.0	1.0	
alt_1	tss_activity	CAGE/hCAGE EFO:0001187/-	FTO TSS	CAGE	HepG2	1357.5921630859375	1355.33642578125	-0.0023973682292995346	1.0	1.0	
alt_1	tss_activity	CAGE/hCAGE EFO:0001187/-	RPGRIP1L TSS	CAGE	HepG2	1359.800537109375	1357.5343017578125	-0.0024046227874287554	1.0	1.0	
alt_1	tss_activity	CAGE/hCAGE EFO:0001187/-	AKTIP TSS	CAGE	HepG2	1214.451171875	1213.73681640625	-0.0008481624687890813		1.0	
alt_1	tss_activity	CAGE/hCAGE EFO:0001187/-	RBL2 TSS	CAGE	HepG2	6.319622039794922	6.322135925292969	0.0004954009191629432		1.0	
alt_1	tss_activity	CAGE/hCAGE EFO:0001187/-	IRX3 TSS	CAGE	HepG2	1272.0753173828125	1266.044677734375	-0.0068503773663070415	1.0	1.0	
